job_id,smiles,malaria seq,pubchem_cid,pdb_id
random_0,CN1CCN(Cc2ccc(cc2C(F)(F)F)C(=O)Nc2cnc(C)c(Nc3nccc(n3)-c3cccnc3)c2)CC1,GNTKNEHHKTNKKSLKGGNERHEMKESSVGISKKIVENSFNNSKLRPGMFIQNSNVVFNEQYKGIKILGKGSFGEVILSRDKHTGHEYAIKVISKKHVKRKTDKESLLREVELLKMLDHINIMKLYEFFEDNNYYYLVSDVYTGGELFDEIISRKRFYEIDAARIIKQILSGITYMHKNNVVHRDLKPENILLETKNKEDMIIKIIDFGLSTHFEYSKKMKDKIGTAYYIAPDVLHGTYDEKCDIWSCGVILYILLSGCPPFNGSNEYDILKKVEAGKYTFDLPQFKKISDKAKDLIKKMLMYTSAVRISARDALEHEWIKMMTSKDNLNIDIPSLELSIANIRQFQSTQKLAQAALLYMGSKLTTIDETKELTKIFKKMDKNGDGQLDRNELIIGYKELLKLKGEDTSDLDNAAIEYEVDQILNSIDLDQNGYIEYSEFLTVSIDRKLLLSTERLEKAFKLFDKDGSGKISANELAQLFGLSDVSSECWKTVLKEVDQNNDGEIDFKEFRDMLVKLCNY,46848036,4RGJ
random_1,C[C@]12CC[C@H]3[C@@H](CCC4=CCCC[C@H]34)[C@@H]1CC[C@@]2(O)C#C |t:8|,NEDICFIAGIGDTNGYGWGIAKELSKRNVKIIFGIWPPVYNIFMKNYKNGKFDNDMIIDKDKKMNILDMLPFDASFDTANDIDEETKNNKRYNMLQNYTIEDVANLIHQKYGKINMLVHSLANAKEVQKDLLNTSRKGYLDALSKSSYSLISLCKYFVNIMKPQSSIISLTYHASQKVVPGYGGGMSSAKAALESDTRVLAYHLGRNYNIRINTISAGPLASRAATAINKLNNTYENNTNQNKNRNRHDVHNIMNNSGEKEEKKISASQNYTFIDYAIEYSEKYAPLRQKLLSTDIGSVASFLLSRESRAITGQTIYVDNGLNIMFLPD,5857,3AM5
random_2,Cc1cnc2c(NCCN)nc3ccc(C)cc3n12,MEKYHGLEKIGEGTYGVVYKAQNNYGETFALKKIRLEKEDEGIPSTTIREISILKELKHSNIVKLYDVIHTKKRLVLVFEHLDQDLKKLLDVCEGGLESVTAKSFLLQLLNGIAYCHDRRVLHRDLKPQNLLINREGELKIADFGLARAFGIPVRKYTHEVVTLWYRAPDVLMGSKKYSTTIDIWSVGCIFAEMVNGTPLFPGVSEADQLMRIFRILGTPNSKNWPNVTELPKYDPNFTVYEPLPWESFLKGLDESGIDLLSKMLKLDPNQRITAKQALEHAYFKENN,9813758,1V0O
random_3,OC(=O)[C@H](Cc1ccc(Nc2nccc3ccncc23)cc1)NC1=C(Br)C(=O)C11CCCCC1 |c:26|,MEKYHGLEKIGEGTYGVVYKAQNNYGETFALKKIRLEKEDEGIPSTTIREISILKELKHSNIVKLYDVIHTKKRLVLVFEHLDQDLKKLLDVCEGGLESVTAKSFLLQLLNGIAYCHDRRVLHRDLKPQNLLINREGELKIADFGLARAFGIPVRKYTHEIVTLWYRAPDVLMGSKKYSTTIDIWSVGCIFAEMVNGTPLFPGVSEADQLMRIFRILGTPNSKNWPNVTELPKYDPNFTVYEPLPWESFLKGLDESGIDLLSKMLKLDPNQRITAKQALEHAYFKENN,10186367,1OB3
random_4,N[C@H]1[C@H](O)O[C@H](CO)[C@@H](O)[C@@H]1O,EDICFIAGIGDTNGYGWGIAKELSKRNVKIIFGIWPPVYNIFMKNYKNGKFDNDMIIDKDKKMNILDMLPFDASFDTANDIDEETKNNKRYNMLQNYTIEDVANLIHQKYGKINMLVHSLANAKEVQKDLLNTSRKGYLDALSKSSYSLISLCKYFVNIMKPQSSIISLTYHASQKVVPGYGGGMSSAKAALESDTRVLAYHLGRNYNIRINTISAGPLKSRAATAINKLNNTYENNTNQNKNRNSHDVHNIMNNSGEKEEKKNSASQNYTFIDYAIEYSEKYAPLRQKLLSTDIGSVASFLLSRESRAITGQTIYVDNGLNIMFLPDDIYRNENE,441477,1VRW
random_5,"CC[C@H](C)C(=O)O[C@H]1C[C@H](O)C=C2C=C[C@H](C)[C@H](CC[C@@H](O)C[C@@H](O)CC(O)=O)[C@@H]12 |c:13,t:11|",MEEDDNLKKGNERNKKKAIFSNDDFTGEDSLMEDHLELREKLSEDIDMIKTSLKNNLVCSTLNDNEILTLSNYMQFFVFKSGNLVIKQGEKGSYFFIINSGKFDVYVNDKKVKTMGKGSSFGEAALIHNTQRSATIIAETDGTLWGVQRSTFRATLKQLSNRNFNENRTFIDSVSVFDMLTEAQKNMITNACVIQNFKSGETIVKQGDYGDVLYILKEGKATVYINDEEIRVLEKGSYFGERALLYDEPRSATIIAKEPTACASICRKLLNIVLGNLQVVLFRNIMTEALQQSEIFKQFSGDQLNDLADTAIVRDYPANYNILHKDKVKSVKYIIVLEGKVELFLDDTSIGILSRGMSFGDQYVLNQKQPFKHTIKSLEVCKIALITETCLADCLGNNNIDASIDYNNKKSIIKKMYIFRYLTDKQCNLLIEAFRTTRYEEGDYIIQEGEVGSRFYIIKNGEVEIVKNKKRLRTLGKNDYFGERALLYDEPRTASVISKVNNVECWFVDKSVFLQIIQGPMLAHLEERIKMQDTKVEMDELETERIIGRGTFGTVKLVHHKPTKIRYALKCVSKRSIINLNQQNNIKLEREITAENDHPFIIRLVRTFKDSKYFYFLTELVTGGELYDAIRKLGLLSKSQAQFYLGSIILAIEYLHERNIVYRDLKPENILLDKQGYVKLIDFGCAKKVQGRAYTLVGTPHYMAPEVILGKGYGCTVDIWALGICLYEFICGPLPFGNDEEDQLEIFRDILTGQLTFPDYVTDTDSINLMKRLLCRLPQGRIGCSINGFKDIKDHPFFSNFNWDKLAGRLLDPPLVSKSETYAEDIDIKQIEEEDAEDDEEPLNDEDNWDIDF,54687,5DYK
random_6,Cc1coc-2c1C(=O)C(=O)c1c3CCCC(C)(C)c3ccc-21,MEEDDNLKKGNERNKKKAIFSNDDFTGEDSLMEDHLELREKLSEDIDMIKTSLKNNLVCSTLNDNEILTLSNYMQFFVFKSGNLVIKQGEKGSYFFIINSGKFDVYVNDKKVKTMGKGSSFGEAALIHNTQRSATIIAETDGTLWGVQRSTFRATLKQLSNRNFNENRTFIDSVSVFDMLTEAQKNMITNACVIQNFKSGETIVKQGDYGDVLYILKEGKATVYINDEEIRVLEKGSYFGERALLYDEPRSATIIAKEPTACASICRKLLNIVLGNLQVVLFRNIMTEALQQSEIFKQFSGDQLNDLADTAIVRDYPANYNILHKDKVKSVKYIIVLEGKVELFLDDTSIGILSRGMSFGDQYVLNQKQPFKHTIKSLEVCKIALITETCLADCLGNNNIDASIDYNNKKSIIKKMYIFRYLTDKQCNLLIEAFRTTRYEEGDYIIQEGEVGSRFYIIKNGEVEIVKNKKRLRTLGKNDYFGERALLYDEPRTASVISKVNNVECWFVDKSVFLQIIQGPMLAHLEERIKMQDTKVEMDELETERIIGRGTFGTVKLVHHKPTKIRYALKCVSKRSIINLNQQNNIKLEREITAENDHPFIIRLVRTFKDSKYFYFLTELVTGGELYDAIRKLGLLSKSQAQFYLGSIILAIEYLHERNIVYRDLKPENILLDKQGYVKLIDFGCAKKVQGRAYTLVGTPHYMAPEVILGKGYGCTVDIWALGICLYEFICGPLPFGNDEEDQLEIFRDILTGQLTFPDYVTDTDSINLMKRLLCRLPQGRIGCSINGFKDIKDHPFFSNFNWDKLAGRLLDPPLVSKSETYAEDIDIKQIEEEDAEDDEEPLNDEDNWDIDF,164676,5DYK
random_7,"Nc1ncnc2n(cnc12)[C@@H]1O[C@H](COP(O)(=O)OP(O)(=O)OP(O)(=O)OP(O)(=O)OC[C@H]2O[C@H]([C@H](O)[C@@H]2O)n2cnc3c(N)ncnc23)[C@@H](O)[C@H]1O |a:10,12,32,34,35,37,49,51,&1:15,&2:19,&3:23,&4:27|",NEDICFIAGIGDTNGYGWGIAKELSKRNVKIIFGIWPPVYNIFMKNYKNGKFDNDMIIDKDKKMNILDMLPFDASFDTANDIDEETKNNKRYNMLQNYTIEDVANLIHQKYGKINMLVHSLANAKEVQKDLLNTSRKGYLDALSKSSYSLISLCKYFVNIMKPQSSIISLTYHASQKVVPGYGGGMSSAKAALESDTRVLAYHLGRNYNIRINTISAGPLKSRAATAINKLNNTYENNTNQNKNRNRHDVHNIMNNSGEKEEKKISASQNYTFIDYMIEYSEKYAPLRQKLLSTDIGSVASFLLSRESRAITGQTIYVDNGLNIMFLPD,21706,3AM3
random_8,CN(C)CC[C@H](CSc1ccccc1)Nc1ccc(cc1[N+]([O-])=O)S(=O)(=O)NC(=O)c1ccc(cc1)N1CCN(Cc2ccccc2-c2ccc(Cl)cc2)CC1,LGSSNDNIELVDFQNIMFYGDAEVGDNQQPFTFILDTGSANLWVPSVKCTTAGCLTKHLYDSSKSRTYEKDGTKVEMNYVSGTVSGFFSKDLVTVGNLSLPYKFIEVIDTNGFEPTYTASTFDGILGLGWKDLSIGSVDPIVVELKNQNKIENALFTFYLPVHDKHTGFLTIGGIEERFYEGPLTYEKLNHDLYWQITLDAHVGNIMLEKANCIVDSGTSAITVPTDFLNKMLQNLDVIKVPFLPFYVTLCNNSKLPTFEFTSENGKYTLEPEYYLQHIEDVGPGLCMLNIIGLDFPVPTFILGDPFMRKYFTVFDYDNHSVGIALAKKNL,11228183,1LF3
random_9,CC(=O)Nc1c(I)c(NC(C)=O)c(I)c(C(O)=O)c1I,EDICFIAGIGDTNGYGWGIAKELSKRNVKIIFGIWPPVYNIFMKNYKNGKFDNDMIIDKDKKMNILDMLPFDASFDTANDIDEETKNNKRYNMLQNYTIEDVANLIHQKYGKINMLVHSLANAKEVQKDLLNTSRKGYLDALSKSSYSLISLCKYFVNIMKPQSSIISLTYHASQKVVPGYGGGMSSAKAALESDTRVLAYHLGRNYNIRINTISAGPLKSRAATAINKLNNTYENNTNQNKNRNSHDVHNIMNNSGEKEEKKNSASQNYTFIDYAIEYSEKYAPLRQKLLSTDIGSVASFLLSRESRAITGQTIYVDNGLNIMFLPDDIYRNENE,2140,1VRW
random_10,C[C@H]1N(CCc2c1nnn2-c1ncc(F)cn1)C(=O)c1cccc(c1Cl)C(F)(F)F,GNTKNEHHKTNKKSLKGGNERHEMKESSVGISKKIVENSFNNSKLRPGMFIQNSNVVFNEQYKGIKILGKGSFGEVILSRDKHTGHEYAIKVISKKHVKRKTDKESLLREVELLKMLDHINIMKLYEFFEDNNYYYLVSDVYTGGELFDEIISRKRFYEIDAARIIKQILSGITYMHKNNVVHRDLKPENILLETKNKEDMIIKIIDFGLSTHFEYSKKMKDKIGTAYYIAPDVLHGTYDEKCDIWSCGVILYILLSGCPPFNGSNEYDILKKVEAGKYTFDLPQFKKISDKAKDLIKKMLMYTSAVRISARDALEHEWIKMMTSKDNLNIDIPSLELSIANIRQFQSTQKLAQAALLYMGSKLTTIDETKELTKIFKKMDKNGDGQLDRNELIIGYKELLKLKGEDTSDLDNAAIEYEVDQILNSIDLDQNGYIEYSEFLTVSIDRKLLLSTERLEKAFKLFDKDGSGKISANELAQLFGLSDVSSECWKTVLKEVDQNNDGEIDFKEFRDMLVKLCNY,90409366,4RGJ
random_11,NS(=O)(=O)c1cc(-c2nn[nH]n2)c(NCc2cccs2)cc1Cl,MEEDDNLKKGNERNKKKAIFSNDDFTGEDSLMEDHLELREKLSEDIDMIKTSLKNNLVCSTLNDNEILTLSNYMQFFVFKSGNLVIKQGEKGSYFFIINSGKFDVYVNDKKVKTMGKGSSFGEAALIHNTQRSATIIAETDGTLWGVQRSTFRATLKQLSNRNFNENRTFIDSVSVFDMLTEAQKNMITNACVIQNFKSGETIVKQGDYGDVLYILKEGKATVYINDEEIRVLEKGSYFGERALLYDEPRSATIIAKEPTACASICRKLLNIVLGNLQVVLFRNIMTEALQQSEIFKQFSGDQLNDLADTAIVRDYPANYNILHKDKVKSVKYIIVLEGKVELFLDDTSIGILSRGMSFGDQYVLNQKQPFKHTIKSLEVCKIALITETCLADCLGNNNIDASIDYNNKKSIIKKMYIFRYLTDKQCNLLIEAFRTTRYEEGDYIIQEGEVGSRFYIIKNGEVEIVKNKKRLRTLGKNDYFGERALLYDEPRTASVISKVNNVECWFVDKSVFLQIIQGPMLAHLEERIKMQDTKVEMDELETERIIGRGTFGTVKLVHHKPTKIRYALKCVSKRSIINLNQQNNIKLEREITAENDHPFIIRLVRTFKDSKYFYFLTELVTGGELYDAIRKLGLLSKSQAQFYLGSIILAIEYLHERNIVYRDLKPENILLDKQGYVKLIDFGCAKKVQGRAYTLVGTPHYMAPEVILGKGYGCTVDIWALGICLYEFICGPLPFGNDEEDQLEIFRDILTGQLTFPDYVTDTDSINLMKRLLCRLPQGRIGCSINGFKDIKDHPFFSNFNWDKLAGRLLDPPLVSKSETYAEDIDIKQIEEEDAEDDEEPLNDEDNWDIDF,2273,5DYK
random_12,O=c1cc(oc2c(cccc12)-c1ccccc1)N1CCOCC1,NEDICFIAGIGDTNGYGWGIAKELSKRNVKIIFGIWPPVYNIFMKNYKNGKFDNDMIIDKDKKMNILDMLPFDASFDTANDIDEETKNNKRYNMLQNYTIEDVANLIHQKYGKINMLVHSLANAKEVQKDLLNTSRKGYLDALSKSSYSLISLCKYFVNIMKPQSSIISLTYHASQKVVPGYGGGMSSAKAALESDTRVLAYHLGRNYNIRINTISAGPLASRAATAINKLNNTYENNTNQNKNRNRHDVHNIMNNSGEKEEKKISASQNYTFIDYAIEYSEKYAPLRQKLLSTDIGSVASFLLSRESRAITGQTIYVDNGLNIMFLPD,3973,3AM5
random_13,"CO[C@H]1CC[C@@]2(Cc3ccc(cc3[C@@]22N=C(C)C(N)=N2)-c2cncc(c2)C#CC)CC1 |c:20,t:16|",NEDICFIAGIGDTNGYGWGIAKELSKRNVKIIFGIWPPVYNIFMKNYKNGKFDNDMIIDKDKKMNILDMLPFDASFDTANDIDEETKNNKRYNMLQNYTIEDVANLIHQKYGKINMLVHSLANAKEVQKDLLNTSRKGYLDALSKSSYSLISLCKYFVNIMKPQSSIISLTYHASQKVVPGYGGGMSSAKAALESDTRVLAYHLGRNYNIRINTISAGPLASRAATAINKLNNTYENNTNQNKNRNRHDVHNIMNNSGEKEEKKISASQNYTFIDYAIEYSEKYAPLRQKLLSTDIGSVASFLLSRESRAITGQTIYVDNGLNIMFLPD,,3AM5
random_14,"CC1=C(N2[C@@H](SC1)[C@H](NC(=O)[C@H](N)C1=CCC=CC1)C2=O)C(O)=O |a:7,11,&1:4,c:17,t:1,14|",MEEDDNLKKGNERNKKKAIFSNDDFTGEDSLMEDHLELREKLSEDIDMIKTSLKNNLVCSTLNDNEILTLSNYMQFFVFKSGNLVIKQGEKGSYFFIINSGKFDVYVNDKKVKTMGKGSSFGEAALIHNTQRSATIIAETDGTLWGVQRSTFRATLKQLSNRNFNENRTFIDSVSVFDMLTEAQKNMITNACVIQNFKSGETIVKQGDYGDVLYILKEGKATVYINDEEIRVLEKGSYFGERALLYDEPRSATIIAKEPTACASICRKLLNIVLGNLQVVLFRNIMTEALQQSEIFKQFSGDQLNDLADTAIVRDYPANYNILHKDKVKSVKYIIVLEGKVELFLDDTSIGILSRGMSFGDQYVLNQKQPFKHTIKSLEVCKIALITETCLADCLGNNNIDASIDYNNKKSIIKKMYIFRYLTDKQCNLLIEAFRTTRYEEGDYIIQEGEVGSRFYIIKNGEVEIVKNKKRLRTLGKNDYFGERALLYDEPRTASVISKVNNVECWFVDKSVFLQIIQGPMLAHLEERIKMQDTKVEMDELETERIIGRGTFGTVKLVHHKPTKIRYALKCVSKRSIINLNQQNNIKLEREITAENDHPFIIRLVRTFKDSKYFYFLTELVTGGELYDAIRKLGLLSKSQAQFYLGSIILAIEYLHERNIVYRDLKPENILLDKQGYVKLIDFGCAKKVQGRAYTLVGTPHYMAPEVILGKGYGCTVDIWALGICLYEFICGPLPFGNDEEDQLEIFRDILTGQLTFPDYVTDTDSINLMKRLLCRLPQGRIGCSINGFKDIKDHPFFSNFNWDKLAGRLLDPPLVSKSETYAEDIDIKQIEEEDAEDDEEPLNDEDNWDIDF,12876371,5DYK
random_15,"C1CN=C(N1)[C@H]1CCCc2ccccc12 |&1:5,c:2|",MMEQVCDVFDIYAICACCKVESKNEGKKNEVFNNYTFRGLGNKGVLPWKCISLDMKYFRAVTTYVNESKYEKLKYKRCKYLNKETVDNVNDMPNSKKLQNVVVMGRTNWESIPKKFKPLSNRINVILSRTLKKEDFDEDVYIINKVEDLIVLLGKLNYYKCFILGGSVVYQEFLEKKLIKKIYFTRINSTYECDVFFPEINENEYQIISVSDVYTSNNTTLDFIIYKKTNNKMLNEQNCIKGEEKNNDMPLKNDDKDTCHMKKLTEFYKNVDKYKINYEN,716128,1J3K
random_16,CC(=O)[C@@]12O[C@@](C)(O[C@@H]1C[C@H]1[C@@H]3CCC4=CC(=O)CC[C@]4(C)[C@H]3CC[C@]21C)c1ccccc1 |t:15|,MEKYHGLEKIGEGTYGVVYKAQNNYGETFALKKIRLEKEDEGIPSTTIREISILKELKHSNIVKLYDVIHTKKRLVLVFEHLDQDLKKLLDVCEGGLESVTAKSFLLQLLNGIAYCHDRRVLHRDLKPQNLLINREGELKIADFGLARAFGIPVRKYTHEVVTLWYRAPDVLMGSKKYSTTIDIWSVGCIFAEMVNGTPLFPGVSEADQLMRIFRILGTPNSKNWPNVTELPKYDPNFTVYEPLPWESFLKGLDESGIDLLSKMLKLDPNQRITAKQALEHAYFKENN,5284538,1V0O
random_17,Cn1cc(cc1C(O)=O)C(=O)c1cccc2ccccc12,EDICFIAGIGDTNGYGWGIAKELSKRNVKIIFGIWPPVYNIFMKNYKNGKFDNDMIIDKDKKMNILDMLPFDASFDTANDIDEETKNNKRYNMLQNYTIEDVANLIHQKYGKINMLVHSLANAKEVQKDLLNTSRKGYLDALSKSSYSLISLCKYFVNIMKPQSSIISLTYHASQKVVPGYGGGMSSAKAALESDTRVLAYHLGRNYNIRINTISAGPLKSRAATAINKLNNTYENNTNQNKNRNSHDVHNIMNNSGEKEEKKNSASQNYTFIDYAIEYSEKYAPLRQKLLSTDIGSVASFLLSRESRAITGQTIYVDNGLNIMFLPDDIYRNENE,3047779,1VRW
random_18,CC(C)OC(=O)CCC\C=C/C[C@H]1[C@@H](O)C[C@@H](O)[C@@H]1CC[C@@H](O)CCc1ccccc1,NEDICFIAGIGDTNGYGWGIAKELSKRNVKIIFGIWPPVYNIFMKNYKNGKFDNDMIIDKDKKMNILDMLPFDASFDTANDIDEETKNNKRYNMLQNYTIEDVANLIHQKYGKINMLVHSLANAKEVQKDLLNTSRKGYLDALSKSSYSLISLCKYFVNIMKPQSSIISLTYHASQKVVPGYGGGMSSAKAALESDTRVLAYHLGRNYNIRINTISAGPLASRAATAINKLNNTYENNTNQNKNRNRHDVHNIMNNSGEKEEKKISASQNYTFIDYAIEYSEKYAPLRQKLLSTDIGSVASFLLSRESRAITGQTIYVDNGLNIMFLPD,5311221,3AM5
random_19,OCc1c[nH]c2ccccc12,MEEDDNLKKGNERNKKKAIFSNDDFTGEDSLMEDHLELREKLSEDIDMIKTSLKNNLVCSTLNDNEILTLSNYMQFFVFKSGNLVIKQGEKGSYFFIINSGKFDVYVNDKKVKTMGKGSSFGEAALIHNTQRSATIIAETDGTLWGVQRSTFRATLKQLSNRNFNENRTFIDSVSVFDMLTEAQKNMITNACVIQNFKSGETIVKQGDYGDVLYILKEGKATVYINDEEIRVLEKGSYFGERALLYDEPRSATIIAKEPTACASICRKLLNIVLGNLQVVLFRNIMTEALQQSEIFKQFSGDQLNDLADTAIVRDYPANYNILHKDKVKSVKYIIVLEGKVELFLDDTSIGILSRGMSFGDQYVLNQKQPFKHTIKSLEVCKIALITETCLADCLGNNNIDASIDYNNKKSIIKKMYIFRYLTDKQCNLLIEAFRTTRYEEGDYIIQEGEVGSRFYIIKNGEVEIVKNKKRLRTLGKNDYFGERALLYDEPRTASVISKVNNVECWFVDKSVFLQIIQGPMLAHLEERIKMQDTKVEMDELETERIIGRGTFGTVKLVHHKPTKIRYALKCVSKRSIINLNQQNNIKLEREITAENDHPFIIRLVRTFKDSKYFYFLTELVTGGELYDAIRKLGLLSKSQAQFYLGSIILAIEYLHERNIVYRDLKPENILLDKQGYVKLIDFGCAKKVQGRAYTLVGTPHYMAPEVILGKGYGCTVDIWALGICLYEFICGPLPFGNDEEDQLEIFRDILTGQLTFPDYVTDTDSINLMKRLLCRLPQGRIGCSINGFKDIKDHPFFSNFNWDKLAGRLLDPPLVSKSETYAEDIDIKQIEEEDAEDDEEPLNDEDNWDIDF,3712,5DYK
random_20,FC(F)(F)c1ccc(cc1)C(=O)NN1C(=O)[C@H]2[C@H]([C@H]3C=C[C@@H]2[C@@H]2C[C@H]32)C1=O |c:20|,EDICFIAGIGDTNGYGWGIAKELSKRNVKIIFGIWPPVYNIFMKNYKNGKFDNDMIIDKDKKMNILDMLPFDASFDTANDIDEETKNNKRYNMLQNYTIEDVANLIHQKYGKINMLVHSLANAKEVQKDLLNTSRKGYLDALSKSSYSLISLCKYFVNIMKPQSSIISLTYHASQKVVPGYGGGMSSAKAALESDTRVLAYHLGRNYNIRINTISAGPLKSRAATAINKLNNTYENNTNQNKNRNSHDVHNIMNNSGEKEEKKNSASQNYTFIDYAIEYSEKYAPLRQKLLSTDIGSVASFLLSRESRAITGQTIYVDNGLNIMFLPDDIYRNENE,16124688,1VRW
random_21,"CCC(=O)OCC(=O)[C@@]1(OC(=O)CC)[C@@H](C)C[C@H]2[C@@H]3CCC4=CC(=O)C=C[C@]4(C)[C@@]3(Cl)[C@@H](O)C[C@]12C |c:25,t:21|",NEDICFIAGIGDTNGYGWGIAKELSKRNVKIIFGIWPPVYNIFMKNYKNGKFDNDMIIDKDKKMNILDMLPFDASFDTANDIDEETKNNKRYNMLQNYTIEDVANLIHQKYGKINMLVHSLANAKEVQKDLLNTSRKGYLDALSKSSYSLISLCKYFVNIMKPQSSIISLTYHASQKVVPGYGGGMSSAKAALESDTRVLAYHLGRNYNIRINTISAGPLKSRAATAINKLNNTYENNTNQNKNRNRHDVHNIMNNSGEKEEKKISASQNYTFIDYMIEYSEKYAPLRQKLLSTDIGSVASFLLSRESRAITGQTIYVDNGLNIMFLPD,21700,3AM3
random_22,CCN(CC)C(=O)C(=C\c1cc(O)c(O)c(c1)[N+]([O-])=O)\C#N,MEEDDNLKKGNERNKKKAIFSNDDFTGEDSLMEDHLELREKLSEDIDMIKTSLKNNLVCSTLNDNEILTLSNYMQFFVFKSGNLVIKQGEKGSYFFIINSGKFDVYVNDKKVKTMGKGSSFGEAALIHNTQRSATIIAETDGTLWGVQRSTFRATLKQLSNRNFNENRTFIDSVSVFDMLTEAQKNMITNACVIQNFKSGETIVKQGDYGDVLYILKEGKATVYINDEEIRVLEKGSYFGERALLYDEPRSATIIAKEPTACASICRKLLNIVLGNLQVVLFRNIMTEALQQSEIFKQFSGDQLNDLADTAIVRDYPANYNILHKDKVKSVKYIIVLEGKVELFLDDTSIGILSRGMSFGDQYVLNQKQPFKHTIKSLEVCKIALITETCLADCLGNNNIDASIDYNNKKSIIKKMYIFRYLTDKQCNLLIEAFRTTRYEEGDYIIQEGEVGSRFYIIKNGEVEIVKNKKRLRTLGKNDYFGERALLYDEPRTASVISKVNNVECWFVDKSVFLQIIQGPMLAHLEERIKMQDTKVEMDELETERIIGRGTFGTVKLVHHKPTKIRYALKCVSKRSIINLNQQNNIKLEREITAENDHPFIIRLVRTFKDSKYFYFLTELVTGGELYDAIRKLGLLSKSQAQFYLGSIILAIEYLHERNIVYRDLKPENILLDKQGYVKLIDFGCAKKVQGRAYTLVGTPHYMAPEVILGKGYGCTVDIWALGICLYEFICGPLPFGNDEEDQLEIFRDILTGQLTFPDYVTDTDSINLMKRLLCRLPQGRIGCSINGFKDIKDHPFFSNFNWDKLAGRLLDPPLVSKSETYAEDIDIKQIEEEDAEDDEEPLNDEDNWDIDF,5281081,5DYK
random_23,CCCC(=O)Nc1cccc(NC(=O)c2ccccc2Br)c1,NEDICFIAGIGDTNGYGWGIAKELSKRNVKIIFGIWPPVYNIFMKNYKNGKFDNDMIIDKDKKMNILDMLPFDASFDTANDIDEETKNNKRYNMLQNYTIEDVANLIHQKYGKINMLVHSLANAKEVQKDLLNTSRKGYLDALSKSSYSLISLCKYFVNIMKPQSSIISLTYHASQKVVPGYGGGMSSAKAALESDTRVLAYHLGRNYNIRINTISAGPLKSRAATAINKLNNTYENNTNQNKNRNRHDVHNIMNNSGEKEEKKISASQNYTFIDYMIEYSEKYAPLRQKLLSTDIGSVASFLLSRESRAITGQTIYVDNGLNIMFLPD,1048267,3AM3
random_24,COc1cc(N)c(Cl)cc1C(=O)CCC1CCN(CCNS(C)(=O)=O)CC1,MEKYHGLEKIGEGTYGVVYKAQNNYGETFALKKIRLEKEDEGIPSTTIREISILKELKHSNIVKLYDVIHTKKRLVLVFEHLDQDLKKLLDVCEGGLESVTAKSFLLQLLNGIAYCHDRRVLHRDLKPQNLLINREGELKIADFGLARAFGIPVRKYTHEVVTLWYRAPDVLMGSKKYSTTIDIWSVGCIFAEMVNGTPLFPGVSEADQLMRIFRILGTPNSKNWPNVTELPKYDPNFTVYEPLPWESFLKGLDESGIDLLSKMLKLDPNQRITAKQALEHAYFKENN,133076,1V0O
random_25,"CC(=O)N1CCN(CC1)c1ccc(OC[C@@H]2CO[C@](Cn3ccnc3)(O2)c2ccc(Cl)cc2Cl)cc1 |&1:15,18|",NEDICFIAGIGDTNGYGWGIAKELSKRNVKIIFGIWPPVYNIFMKNYKNGKFDNDMIIDKDKKMNILDMLPFDASFDTANDIDEETKNNKRYNMLQNYTIEDVANLIHQKYGKINMLVHSLANAKEVQKDLLNTSRKGYLDALSKSSYSLISLCKYFVNIMKPQSSIISLTYHASQKVVPGYGGGMSSAKAALESDTRVLAYHLGRNYNIRINTISAGPLASRAATAINKLNNTYENNTNQNKNRNRHDVHNIMNNSGEKEEKKISASQNYTFIDYAIEYSEKYAPLRQKLLSTDIGSVASFLLSRESRAITGQTIYVDNGLNIMFLPD,47576,3AM5
random_26,O[C@@H]1[C@@H](CO[N+]([O-])=O)O[C@H]([C@@H]1O)n1cnc2c(NC3CCCC3)ncnc12,MMEQVCDVFDIYAICACCKVESKNEGKKNEVFNNYTFRGLGNKGVLPWKCISLDMKYFRAVTTYVNESKYEKLKYKRCKYLNKETVDNVNDMPNSKKLQNVVVMGRTNWESIPKKFKPLSNRINVILSRTLKKEDFDEDVYIINKVEDLIVLLGKLNYYKCFILGGSVVYQEFLEKKLIKKIYFTRINSTYECDVFFPEINENEYQIISVSDVYTSNNTTLDFIIYKKTNNKMLNEQNCIKGEEKNNDMPLKNDDKDTCHMKKLTEFYKNVDKYKINYEN,11610599,1J3K
random_27,COc1cc(ccc1O)[C@H]1Oc2cc(ccc2O[C@@H]1CO)[C@H]1Oc2cc(O)cc(O)c2C(=O)[C@@H]1O,MMEQVCDVFDIYAICACCKVESKNEGKKNEVFNNYTFRGLGNKGVLPWKCISLDMKYFRAVTTYVNESKYEKLKYKRCKYLNKETVDNVNDMPNSKKLQNVVVMGRTNWESIPKKFKPLSNRINVILSRTLKKEDFDEDVYIINKVEDLIVLLGKLNYYKCFILGGSVVYQEFLEKKLIKKIYFTRINSTYECDVFFPEINENEYQIISVSDVYTSNNTTLDFIIYKKTNNKMLNEQNCIKGEEKNNDMPLKNDDKDTCHMKKLTEFYKNVDKYKINYEN,31553,1J3K
random_28,"OC[C@H](O)[C@H]1OC(=O)C(=O)[C@@H]1O |a:2,4,&1:10|",MDITVREHDFKHGFIKSNSTFDGLNIDNSKNKKKIQKGFQILYVLLFCSVMCGLFYYVYENVWLQRDNEMNEILKNSEHLTIGFKVENAHDRILKTIKTHKLKNYIKESVNFLNSGLTKTNYLGSSNDNIELVDFQNIMFYGDAEVGDNQQPFTFILDTGSANLWVPSVKCTTAGCLTKHLYDSSKSRTYEKDGTKVEMNYVSGTVSGFFSKDLVTVGNLSLPYKFIEVIDTNGFEPTYTASTFDGILGLGWKDLSIGSVDPIVVELKNQNKIENALFTFYLPVHDKHTGFLTIGGIEERFYEGPLTYEKLNHDLYWQITLDAHVGNIMLEKANCIVDSGTSAITVPTDFLNKMLQNLDVIKVPFLPFYVTLCNNSKLPTFEFTSENGKYTLEPEYYLQHIEDVGPGLCMLNIIGLDFPVPTFILGDPFMRKYFTVFDYDNHSVGIALAKKNL,,2BJU
random_29,CCCCCCN(CCCCCC)C(=O)Cc1c([nH]c2ccccc12)-c1ccc(F)cc1,MMEQVCDVFDIYAICACCKVESKNEGKKNEVFNNYTFRGLGNKGVLPWKCISLDMKYFRAVTTYVNESKYEKLKYKRCKYLNKETVDNVNDMPNSKKLQNVVVMGRTNWESIPKKFKPLSNRINVILSRTLKKEDFDEDVYIINKVEDLIVLLGKLNYYKCFILGGSVVYQEFLEKKLIKKIYFTRINSTYECDVFFPEINENEYQIISVSDVYTSNNTTLDFIIYKKTNNKMLNEQNCIKGEEKNNDMPLKNDDKDTCHMKKLTEFYKNVDKYKINYEN,132496,1J3K
random_30,CCN(CC)c1cc(C)nc2ncnn12,NEDICFIAGIGDTNGYGWGIAKELSKRNVKIIFGIWPPVYNIFMKNYKNGKFDNDMIIDKDKKMNILDMLPFDASFDTANDIDEETKNNKRYNMLQNYTIEDVANLIHQKYGKINMLVHSLANAKEVQKDLLNTSRKGYLDALSKSSYSLISLCKYFVNIMKPQSSIISLTYHASQKVVPGYGGGMSSAKAALESDTRVLAYHLGRNYNIRINTISAGPLKSRAATAINKLNNTYENNTNQNKNRNRHDVHNIMNNSGEKEEKKISASQNYTFIDYAIEYSEKYAPLRQKLLSTDIGSVASFLLSRESRAITGQTIYVDNGLNIMFLPD,5531,1UH5
random_31,CCOc1noc2cc(OCCC3CCN(CC3)c3ccc(C)nn3)ccc12,MEKYHGLEKIGEGTYGVVYKAQNNYGETFALKKIRLEKEDEGIPSTTIREISILKELKHSNIVKLYDVIHTKKRLVLVFEHLDQDLKKLLDVCEGGLESVTAKSFLLQLLNGIAYCHDRRVLHRDLKPQNLLINREGELKIADFGLARAFGIPVRKYTHEVVTLWYRAPDVLMGSKKYSTTIDIWSVGCIFAEMVNGAPLFPGVSEADQLMRIFRILGTPNSKNWPNVTELPKYDPNFTVYEPLPWESFLKGLDESGIDLLSKMLKLDPNQRITAKQALEHAYFKENN,504457,1V0B
random_32,"O[C@@H](C1CCN(CCc2ccccc2)CC1)c1ccccc1 |&1:1,r|",MMEQVCDVFDIYAICACCKVESKNEGKKNEVFNNYTFRGLGNKGVLPWKCISLDMKYFRAVTTYVNESKYEKLKYKRCKYLNKETVDNVNDMPNSKKLQNVVVMGRTNWESIPKKFKPLSNRINVILSRTLKKEDFDEDVYIINKVEDLIVLLGKLNYYKCFILGGSVVYQEFLEKKLIKKIYFTRINSTYECDVFFPEINENEYQIISVSDVYTSNNTTLDFIIYKKTNNKMLNEQNCIKGEEKNNDMPLKNDDKDTCHMKKLTEFYKNVDKYKINYEN,76958673,1J3K
random_33,"CCC(=O)OCC(=O)[C@@]1(OC(=O)CC)[C@H](C)C[C@H]2[C@H]3[C@H](Cl)CC4=CC(=O)C=C[C@]4(C)[C@H]3[C@@H](O)C[C@]12C |a:14,17,19,28,30,31,34,&1:8,&2:18,c:26,t:22|",LGSSNDNIELVDFQNIMFYGDAEVGDNQQPFTFILDTGSANLWVPSVKCTTAGCLTKHLYDSSKSRTYEKDGTKVEMNYVSGTVSGFFSKDLVTVGNLSLPYKFIEVIDTNGFEPTYTASTFDGILGLGWKDLSIGSVDPIVVELKNQNKIENALFTFYLPVHDKHTGFLTIGGIEERFYEGPLTYEKLNHDLYWQITLDAHVGNIMLEKANCIVDSGTSAITVPTDFLNKMLQNLDVIKVPFLPFYVTLCNNSKLPTFEFTSENGKYTLEPEYYLQHIEDVGPGLCMLNIIGLDFPVPTFILGDPFMRKYFTVFDYDNHSVGIALAKKNL,0,1LF3
random_34,"S=C(NC1CCCCC1)N1CCC(CC1)[C@H]1C=NC=N1 |r,c:18,20|",NEDICFIAGIGDTNGYGWGIAKELSKRNVKIIFGIWPPVYNIFMKNYKNGKFDNDMIIDKDKKMNILDMLPFDASFDTANDIDEETKNNKRYNMLQNYTIEDVANLIHQKYGKINMLVHSLANAKEVQKDLLNTSRKGYLDALSKSSYSLISLCKYFVNIMKPQSSIISLTYHASQKVVPGYGGGMSSAKAALESDTRVLAYHLGRNYNIRINTISAGPLKSRAATAINKLNNTYENNTNQNKNRNRHDVHNIMNNSGEKEEKKISASQNYTFIDYAIEYSEKYAPLRQKLLSTDIGSVASFLLSRESRAITGQTIYVDNGLNIMFLPD,6604452,1UH5
random_35,Cn1cc(C2=C(C(=O)NC2=O)c2cn(CCCSC(N)=N)c3ccccc23)c2ccccc12 |t:4|,MEKYHGLEKIGEGTYGVVYKAQNNYGETFALKKIRLEKEDEGIPSTTIREISILKELKHSNIVKLYDVIHTKKRLVLVFEHLDQDLKKLLDVCEGGLESVTAKSFLLQLLNGIAYCHDRRVLHRDLKPQNLLINREGELKIADFGLARAFGIPVRKYTHEVVTLWYRAPDVLMGSKKYSTTIDIWSVGCIFAEMVNGTPLFPGVSEADQLMRIFRILGTPNSKNWPNVTELPKYDPNFTVYEPLPWESFLKGLDESGIDLLSKMLKLDPNQRITAKQALEHAYFKENN,5083,1V0O
random_36,"CCCOc1ccc(cc1-c1nc2c(CCC)nn(C)c2c(=O)[nH]1)S(=O)(=O)NCC[C@@H]1CCCN1C |&1:30,r|",EDICFIAGIGDTNGYGWGIAKELSKRNVKIIFGIWPPVYNIFMKNYKNGKFDNDMIIDKDKKMNILDMLPFDASFDTANDIDEETKNNKRYNMLQNYTIEDVANLIHQKYGKINMLVHSLANAKEVQKDLLNTSRKGYLDALSKSSYSLISLCKYFVNIMKPQSSIISLTYHASQKVVPGYGGGMSSAKAALESDTRVLAYHLGRNYNIRINTISAGPLKSRAATAINKLNNTYENNTNQNKNRNSHDVHNIMNNSGEKEEKKNSASQNYTFIDYAIEYSEKYAPLRQKLLSTDIGSVASFLLSRESRAITGQTIYVDNGLNIMFLPDDIYRNENE,135564686,1VRW
random_37,CCc1cc(cc(C)c1OC[C@@H](O)CO)-c1noc(n1)-c1cc(OC)nc(c1)C1CCCC1,MEEDDNLKKGNERNKKKAIFSNDDFTGEDSLMEDHLELREKLSEDIDMIKTSLKNNLVCSTLNDNEILTLSNYMQFFVFKSGNLVIKQGEKGSYFFIINSGKFDVYVNDKKVKTMGKGSSFGEAALIHNTQRSATIIAETDGTLWGVQRSTFRATLKQLSNRNFNENRTFIDSVSVFDMLTEAQKNMITNACVIQNFKSGETIVKQGDYGDVLYILKEGKATVYINDEEIRVLEKGSYFGERALLYDEPRSATIIAKEPTACASICRKLLNIVLGNLQVVLFRNIMTEALQQSEIFKQFSGDQLNDLADTAIVRDYPANYNILHKDKVKSVKYIIVLEGKVELFLDDTSIGILSRGMSFGDQYVLNQKQPFKHTIKSLEVCKIALITETCLADCLGNNNIDASIDYNNKKSIIKKMYIFRYLTDKQCNLLIEAFRTTRYEEGDYIIQEGEVGSRFYIIKNGEVEIVKNKKRLRTLGKNDYFGERALLYDEPRTASVISKVNNVECWFVDKSVFLQIIQGPMLAHLEERIKMQDTKVEMDELETERIIGRGTFGTVKLVHHKPTKIRYALKCVSKRSIINLNQQNNIKLEREITAENDHPFIIRLVRTFKDSKYFYFLTELVTGGELYDAIRKLGLLSKSQAQFYLGSIILAIEYLHERNIVYRDLKPENILLDKQGYVKLIDFGCAKKVQGRAYTLVGTPHYMAPEVILGKGYGCTVDIWALGICLYEFICGPLPFGNDEEDQLEIFRDILTGQLTFPDYVTDTDSINLMKRLLCRLPQGRIGCSINGFKDIKDHPFFSNFNWDKLAGRLLDPPLVSKSETYAEDIDIKQIEEEDAEDDEEPLNDEDNWDIDF,49871973,5DYK
random_38,CN(C)CCCN1c2ccccc2Sc2ccccc12,NEDICFIAGIGDTNGYGWGIAKELSKRNVKIIFGIWPPVYNIFMKNYKNGKFDNDMIIDKDKKMNILDMLPFDASFDTANDIDEETKNNKRYNMLQNYTIEDVANLIHQKYGKINMLVHSLANAKEVQKDLLNTSRKGYLDALSKSSYSLISLCKYFVNIMKPQSSIISLTYHASQKVVPGYGGGMSSAKAALESDTRVLAYHLGRNYNIRINTISAGPLASRAATAINKLNNTYENNTNQNKNRNRHDVHNIMNNSGEKEEKKISASQNYTFIDYAIEYSEKYAPLRQKLLSTDIGSVASFLLSRESRAITGQTIYVDNGLNIMFLPD,4926,3AM5
random_39,"Clc1ccccc1[C@H]1CS\C(S1)=C(\C#N)n1ccnc1 |&1:7,r|",GNTKNEHHKTNKKSLKGGNERHEMKESSVGISKKIVENSFNNSKLRPGMFIQNSNVVFNEQYKGIKILGKGSFGEVILSRDKHTGHEYAIKVISKKHVKRKTDKESLLREVELLKMLDHINIMKLYEFFEDNNYYYLVSDVYTGGELFDEIISRKRFYEIDAARIIKQILSGITYMHKNNVVHRDLKPENILLETKNKEDMIIKIIDFGLSTHFEYSKKMKDKIGTAYYIAPDVLHGTYDEKCDIWSCGVILYILLSGCPPFNGSNEYDILKKVEAGKYTFDLPQFKKISDKAKDLIKKMLMYTSAVRISARDALEHEWIKMMTSKDNLNIDIPSLELSIANIRQFQSTQKLAQAALLYMGSKLTTIDETKELTKIFKKMDKNGDGQLDRNELIIGYKELLKLKGEDTSDLDNAAIEYEVDQILNSIDLDQNGYIEYSEFLTVSIDRKLLLSTERLEKAFKLFDKDGSGKISANELAQLFGLSDVSSECWKTVLKEVDQNNDGEIDFKEFRDMLVKLCNY,40729546,4RGJ
random_40,C\C(\C=C\C1=C(C)CCCC1(C)C)=C/C=C/C(/C)=C/C(=O)Nc1ccc(O)cc1 |c:4|,MEEDDNLKKGNERNKKKAIFSNDDFTGEDSLMEDHLELREKLSEDIDMIKTSLKNNLVCSTLNDNEILTLSNYMQFFVFKSGNLVIKQGEKGSYFFIINSGKFDVYVNDKKVKTMGKGSSFGEAALIHNTQRSATIIAETDGTLWGVQRSTFRATLKQLSNRNFNENRTFIDSVSVFDMLTEAQKNMITNACVIQNFKSGETIVKQGDYGDVLYILKEGKATVYINDEEIRVLEKGSYFGERALLYDEPRSATIIAKEPTACASICRKLLNIVLGNLQVVLFRNIMTEALQQSEIFKQFSGDQLNDLADTAIVRDYPANYNILHKDKVKSVKYIIVLEGKVELFLDDTSIGILSRGMSFGDQYVLNQKQPFKHTIKSLEVCKIALITETCLADCLGNNNIDASIDYNNKKSIIKKMYIFRYLTDKQCNLLIEAFRTTRYEEGDYIIQEGEVGSRFYIIKNGEVEIVKNKKRLRTLGKNDYFGERALLYDEPRTASVISKVNNVECWFVDKSVFLQIIQGPMLAHLEERIKMQDTKVEMDELETERIIGRGTFGTVKLVHHKPTKIRYALKCVSKRSIINLNQQNNIKLEREITAENDHPFIIRLVRTFKDSKYFYFLTELVTGGELYDAIRKLGLLSKSQAQFYLGSIILAIEYLHERNIVYRDLKPENILLDKQGYVKLIDFGCAKKVQGRAYTLVGTPHYMAPEVILGKGYGCTVDIWALGICLYEFICGPLPFGNDEEDQLEIFRDILTGQLTFPDYVTDTDSINLMKRLLCRLPQGRIGCSINGFKDIKDHPFFSNFNWDKLAGRLLDPPLVSKSETYAEDIDIKQIEEEDAEDDEEPLNDEDNWDIDF,5288209,5DYK
random_41,CC[C@@]1(O)C(=O)OCc2c1cc1-c3nc4cc(F)c(C)c5CC[C@H](N)c(c3Cn1c2=O)c45,MEKYHGLEKIGEGTYGVVYKAQNNYGETFALKKIRLEKEDEGIPSTTIREISILKELKHSNIVKLYDVIHTKKRLVLVFEHLDQDLKKLLDVCEGGLESVTAKSFLLQLLNGIAYCHDRRVLHRDLKPQNLLINREGELKIADFGLARAFGIPVRKYTHEVVTLWYRAPDVLMGSKKYSTTIDIWSVGCIFAEMVNGTPLFPGVSEADQLMRIFRILGTPNSKNWPNVTELPKYDPNFTVYEPLPWESFLKGLDESGIDLLSKMLKLDPNQRITAKQALEHAYFKENN,151115,1V0O
random_42,"CCc1noc(C)c1-c1[nH]c2ccccc2c1[C@@H](O)CN(C)C |&1:17,r|",NEDICFIAGIGDTNGYGWGIAKELSKRNVKIIFGIWPPVYNIFMKNYKNGKFDNDMIIDKDKKMNILDMLPFDASFDTANDIDEETKNNKRYNMLQNYTIEDVANLIHQKYGKINMLVHSLANAKEVQKDLLNTSRKGYLDALSKSSYSLISLCKYFVNIMKPQSSIISLTYHASQKVVPGYGGGMSSAKAALESDTRVLAYHLGRNYNIRINTISAGPLASRAATAINKLNNTYENNTNQNKNRNRHDVHNIMNNSGEKEEKKISASQNYTFIDYAIEYSEKYAPLRQKLLSTDIGSVASFLLSRESRAITGQTIYVDNGLNIMFLPD,92236766,3AM5
random_43,"CC(C)NC[C@@H](O)c1ccc2ccccc2c1 |&1:5,r|",MEEDDNLKKGNERNKKKAIFSNDDFTGEDSLMEDHLELREKLSEDIDMIKTSLKNNLVCSTLNDNEILTLSNYMQFFVFKSGNLVIKQGEKGSYFFIINSGKFDVYVNDKKVKTMGKGSSFGEAALIHNTQRSATIIAETDGTLWGVQRSTFRATLKQLSNRNFNENRTFIDSVSVFDMLTEAQKNMITNACVIQNFKSGETIVKQGDYGDVLYILKEGKATVYINDEEIRVLEKGSYFGERALLYDEPRSATIIAKEPTACASICRKLLNIVLGNLQVVLFRNIMTEALQQSEIFKQFSGDQLNDLADTAIVRDYPANYNILHKDKVKSVKYIIVLEGKVELFLDDTSIGILSRGMSFGDQYVLNQKQPFKHTIKSLEVCKIALITETCLADCLGNNNIDASIDYNNKKSIIKKMYIFRYLTDKQCNLLIEAFRTTRYEEGDYIIQEGEVGSRFYIIKNGEVEIVKNKKRLRTLGKNDYFGERALLYDEPRTASVISKVNNVECWFVDKSVFLQIIQGPMLAHLEERIKMQDTKVEMDELETERIIGRGTFGTVKLVHHKPTKIRYALKCVSKRSIINLNQQNNIKLEREITAENDHPFIIRLVRTFKDSKYFYFLTELVTGGELYDAIRKLGLLSKSQAQFYLGSIILAIEYLHERNIVYRDLKPENILLDKQGYVKLIDFGCAKKVQGRAYTLVGTPHYMAPEVILGKGYGCTVDIWALGICLYEFICGPLPFGNDEEDQLEIFRDILTGQLTFPDYVTDTDSINLMKRLLCRLPQGRIGCSINGFKDIKDHPFFSNFNWDKLAGRLLDPPLVSKSETYAEDIDIKQIEEEDAEDDEEPLNDEDNWDIDF,25271722,5DYK
random_44,NC(=N)Nc1ccc2[nH]c3[C@@H]4Oc5c6c(C[C@H]7N(CC8CC8)CC[C@@]46[C@@]7(O)Cc3c2c1)ccc5O,GNTKNEHHKTNKKSLKGGNERHEMKESSVGISKKIVENSFNNSKLRPGMFIQNSNVVFNEQYKGIKILGKGSFGEVILSRDKHTGHEYAIKVISKKHVKRKTDKESLLREVELLKMLDHINIMKLYEFFEDNNYYYLVSDVYTGGELFDEIISRKRFYEIDAARIIKQILSGITYMHKNNVVHRDLKPENILLETKNKEDMIIKIIDFGLSTHFEYSKKMKDKIGTAYYIAPDVLHGTYDEKCDIWSCGVILYILLSGCPPFNGSNEYDILKKVEAGKYTFDLPQFKKISDKAKDLIKKMLMYTSAVRISARDALEHEWIKMMTSKDNLNIDIPSLELSIANIRQFQSTQKLAQAALLYMGSKLTTIDETKELTKIFKKMDKNGDGQLDRNELIIGYKELLKLKGEDTSDLDNAAIEYEVDQILNSIDLDQNGYIEYSEFLTVSIDRKLLLSTERLEKAFKLFDKDGSGKISANELAQLFGLSDVSSECWKTVLKEVDQNNDGEIDFKEFRDMLVKLCNY,9826034,4RGJ
random_45,Nc1nc(N)c(N=O)c(OCC2CCCCC2)n1,MEEDDNLKKGNERNKKKAIFSNDDFTGEDSLMEDHLELREKLSEDIDMIKTSLKNNLVCSTLNDNEILTLSNYMQFFVFKSGNLVIKQGEKGSYFFIINSGKFDVYVNDKKVKTMGKGSSFGEAALIHNTQRSATIIAETDGTLWGVQRSTFRATLKQLSNRNFNENRTFIDSVSVFDMLTEAQKNMITNACVIQNFKSGETIVKQGDYGDVLYILKEGKATVYINDEEIRVLEKGSYFGERALLYDEPRSATIIAKEPTACASICRKLLNIVLGNLQVVLFRNIMTEALQQSEIFKQFSGDQLNDLADTAIVRDYPANYNILHKDKVKSVKYIIVLEGKVELFLDDTSIGILSRGMSFGDQYVLNQKQPFKHTIKSLEVCKIALITETCLADCLGNNNIDASIDYNNKKSIIKKMYIFRYLTDKQCNLLIEAFRTTRYEEGDYIIQEGEVGSRFYIIKNGEVEIVKNKKRLRTLGKNDYFGERALLYDEPRTASVISKVNNVECWFVDKSVFLQIIQGPMLAHLEERIKMQDTKVEMDELETERIIGRGTFGTVKLVHHKPTKIRYALKCVSKRSIINLNQQNNIKLEREITAENDHPFIIRLVRTFKDSKYFYFLTELVTGGELYDAIRKLGLLSKSQAQFYLGSIILAIEYLHERNIVYRDLKPENILLDKQGYVKLIDFGCAKKVQGRAYTLVGTPHYMAPEVILGKGYGCTVDIWALGICLYEFICGPLPFGNDEEDQLEIFRDILTGQLTFPDYVTDTDSINLMKRLLCRLPQGRIGCSINGFKDIKDHPFFSNFNWDKLAGRLLDPPLVSKSETYAEDIDIKQIEEEDAEDDEEPLNDEDNWDIDF,398148,5DYK
random_46,C[C@H](NCc1ccc(OCc2ccccc2F)cc1)C(N)=O,MEKYHGLEKIGEGTYGVVYKAQNNYGETFALKKIRLEKEDEGIPSTTIREISILKELKHSNIVKLYDVIHTKKRLVLVFEHLDQDLKKLLDVCEGGLESVTAKSFLLQLLNGIAYCHDRRVLHRDLKPQNLLINREGELKIADFGLARAFGIPVRKYTHEVVTLWYRAPDVLMGSKKYSTTIDIWSVGCIFAEMVNGTPLFPGVSEADQLMRIFRILGTPNSKNWPNVTELPKYDPNFTVYEPLPWESFLKGLDESGIDLLSKMLKLDPNQRITAKQALEHAYFKENN,5745207,1V0O
random_47,CC(C)CCC[C@@H](C)[C@H]1CC[C@H]2[C@@H]3CC=C4C[C@@H](O)CC[C@]4(C)[C@H]3CC[C@]12C |t:14|,MEKYHGLEKIGEGTYGVVYKAQNNYGETFALKKIRLEKEDEGIPSTTIREISILKELKHSNIVKLYDVIHTKKRLVLVFEHLDQDLKKLLDVCEGGLESVTAKSFLLQLLNGIAYCHDRRVLHRDLKPQNLLINREGELKIADFGLARAFGIPVRKYTHEIVTLWYRAPDVLMGSKKYSTTIDIWSVGCIFAEMVNGTPLFPGVSEADQLMRIFRILGTPNSKNWPNVTELPKYDPNFTVYEPLPWESFLKGLDESGIDLLSKMLKLDPNQRITAKQALEHAYFKENN,5997,1OB3
random_48,CC[N+](CC)(CC)CCOc1cccc(OCC[N+](CC)(CC)CC)c1OCC[N+](CC)(CC)CC,NEDICFIAGIGDTNGYGWGIAKELSKRNVKIIFGIWPPVYNIFMKNYKNGKFDNDMIIDKDKKMNILDMLPFDASFDTANDIDEETKNNKRYNMLQNYTIEDVANLIHQKYGKINMLVHSLANAKEVQKDLLNTSRKGYLDALSKSSYSLISLCKYFVNIMKPQSSIISLTYHASQKVVPGYGGGMSSAKAALESDTRVLAYHLGRNYNIRINTISAGPLASRAATAINKLNNTYENNTNQNKNRNRHDVHNIMNNSGEKEEKKISASQNYTFIDYAIEYSEKYAPLRQKLLSTDIGSVASFLLSRESRAITGQTIYVDNGLNIMFLPD,3450,3AM5
random_49,COC(=O)N[C@@H](C(C)C)C(=O)N1CCC[C@H]1c1nc(c[nH]1)-c1ccc2-c3cc4cc(ccc4n3[C@@H](Oc2c1)c1ccccc1)-c1c[nH]c(n1)[C@@H]1CCCN1C(=O)[C@@H](NC(=O)OC)C(C)C,MEEDDNLKKGNERNKKKAIFSNDDFTGEDSLMEDHLELREKLSEDIDMIKTSLKNNLVCSTLNDNEILTLSNYMQFFVFKSGNLVIKQGEKGSYFFIINSGKFDVYVNDKKVKTMGKGSSFGEAALIHNTQRSATIIAETDGTLWGVQRSTFRATLKQLSNRNFNENRTFIDSVSVFDMLTEAQKNMITNACVIQNFKSGETIVKQGDYGDVLYILKEGKATVYINDEEIRVLEKGSYFGERALLYDEPRSATIIAKEPTACASICRKLLNIVLGNLQVVLFRNIMTEALQQSEIFKQFSGDQLNDLADTAIVRDYPANYNILHKDKVKSVKYIIVLEGKVELFLDDTSIGILSRGMSFGDQYVLNQKQPFKHTIKSLEVCKIALITETCLADCLGNNNIDASIDYNNKKSIIKKMYIFRYLTDKQCNLLIEAFRTTRYEEGDYIIQEGEVGSRFYIIKNGEVEIVKNKKRLRTLGKNDYFGERALLYDEPRTASVISKVNNVECWFVDKSVFLQIIQGPMLAHLEERIKMQDTKVEMDELETERIIGRGTFGTVKLVHHKPTKIRYALKCVSKRSIINLNQQNNIKLEREITAENDHPFIIRLVRTFKDSKYFYFLTELVTGGELYDAIRKLGLLSKSQAQFYLGSIILAIEYLHERNIVYRDLKPENILLDKQGYVKLIDFGCAKKVQGRAYTLVGTPHYMAPEVILGKGYGCTVDIWALGICLYEFICGPLPFGNDEEDQLEIFRDILTGQLTFPDYVTDTDSINLMKRLLCRLPQGRIGCSINGFKDIKDHPFFSNFNWDKLAGRLLDPPLVSKSETYAEDIDIKQIEEEDAEDDEEPLNDEDNWDIDF,71661251,5DYK
random_50,"C[C@@H](Cn1ccc(n1)-c1ccc(C#N)c(Cl)c1)NC(=O)c1cc(n[nH]1)[C@@H](C)O |a:1,&1:25|",MDITVREHDFKHGFIKSNSTFDGLNIDNSKNKKKIQKGFQILYVLLFCSVMCGLFYYVYENVWLQRDNEMNEILKNSEHLTIGFKVENAHDRILKTIKTHKLKNYIKESVNFLNSGLTKTNYLGSSNDNIELVDFQNIMFYGDAEVGDNQQPFTFILDTGSANLWVPSVKCTTAGCLTKHLYDSSKSRTYEKDGTKVEMNYVSGTVSGFFSKDLVTVGNLSLPYKFIEVIDTNGFEPTYTASTFDGILGLGWKDLSIGSVDPIVVELKNQNKIENALFTFYLPVHDKHTGFLTIGGIEERFYEGPLTYEKLNHDLYWQITLDAHVGNIMLEKANCIVDSGTSAITVPTDFLNKMLQNLDVIKVPFLPFYVTLCNNSKLPTFEFTSENGKYTLEPEYYLQHIEDVGPGLCMLNIIGLDFPVPTFILGDPFMRKYFTVFDYDNHSVGIALAKKNL,121489720,2BJU
random_51,"CCC1=C[C@@H]2C[N@](C1)Cc1c([nH]c3ccccc13)[C@@](C2)(C(=O)OC)c1cc2c(cc1OC)N(C)[C@@H]1[C@]22CCN3CC=C[C@](CC)([C@@H]23)[C@@H](OC(C)=O)[C@]1(O)C(=O)OC |c:46,t:2|",NEDICFIAGIGDTNGYGWGIAKELSKRNVKIIFGIWPPVYNIFMKNYKNGKFDNDMIIDKDKKMNILDMLPFDASFDTANDIDEETKNNKRYNMLQNYTIEDVANLIHQKYGKINMLVHSLANAKEVQKDLLNTSRKGYLDALSKSSYSLISLCKYFVNIMKPQSSIISLTYHASQKVVPGYGGGMSSAKAALESDTRVLAYHLGRNYNIRINTISAGPLASRAATAINKLNNTYENNTNQNKNRNRHDVHNIMNNSGEKEEKKISASQNYTFIDYAIEYSEKYAPLRQKLLSTDIGSVASFLLSRESRAITGQTIYVDNGLNIMFLPD,5311497,3AM5
random_52,CC(C)CCC[C@@H](C)CCC[C@@H](C)CCC\C(C)=C\CC1=C(C)C(=O)c2ccccc2C1=O |c:20|,NEDICFIAGIGDTNGYGWGIAKELSKRNVKIIFGIWPPVYNIFMKNYKNGKFDNDMIIDKDKKMNILDMLPFDASFDTANDIDEETKNNKRYNMLQNYTIEDVANLIHQKYGKINMLVHSLANAKEVQKDLLNTSRKGYLDALSKSSYSLISLCKYFVNIMKPQSSIISLTYHASQKVVPGYGGGMSSAKAALESDTRVLAYHLGRNYNIRINTISAGPLKSRAATAINKLNNTYENNTNQNKNRNRHDVHNIMNNSGEKEEKKISASQNYTFIDYMIEYSEKYAPLRQKLLSTDIGSVASFLLSRESRAITGQTIYVDNGLNIMFLPD,5284607,3AM3
random_53,CN(C)CCC[C@]1(OCc2cc(ccc12)C#N)c1ccc(F)cc1,NEDICFIAGIGDTNGYGWGIAKELSKRNVKIIFGIWPPVYNIFMKNYKNGKFDNDMIIDKDKKMNILDMLPFDASFDTANDIDEETKNNKRYNMLQNYTIEDVANLIHQKYGKINMLVHSLANAKEVQKDLLNTSRKGYLDALSKSSYSLISLCKYFVNIMKPQSSIISLTYHASQKVVPGYGGGMSSAKAALESDTRVLAYHLGRNYNIRINTISAGPLKSRAATAINKLNNTYENNTNQNKNRNRHDVHNIMNNSGEKEEKKISASQNYTFIDYMIEYSEKYAPLRQKLLSTDIGSVASFLLSRESRAITGQTIYVDNGLNIMFLPD,146570,3AM3
random_54,Fc1ccc(cc1)C(=O)CCCN1CCC(=CC1)n1c2ccccc2[nH]c1=O |c:16|,MEEDDNLKKGNERNKKKAIFSNDDFTGEDSLMEDHLELREKLSEDIDMIKTSLKNNLVCSTLNDNEILTLSNYMQFFVFKSGNLVIKQGEKGSYFFIINSGKFDVYVNDKKVKTMGKGSSFGEAALIHNTQRSATIIAETDGTLWGVQRSTFRATLKQLSNRNFNENRTFIDSVSVFDMLTEAQKNMITNACVIQNFKSGETIVKQGDYGDVLYILKEGKATVYINDEEIRVLEKGSYFGERALLYDEPRSATIIAKEPTACASICRKLLNIVLGNLQVVLFRNIMTEALQQSEIFKQFSGDQLNDLADTAIVRDYPANYNILHKDKVKSVKYIIVLEGKVELFLDDTSIGILSRGMSFGDQYVLNQKQPFKHTIKSLEVCKIALITETCLADCLGNNNIDASIDYNNKKSIIKKMYIFRYLTDKQCNLLIEAFRTTRYEEGDYIIQEGEVGSRFYIIKNGEVEIVKNKKRLRTLGKNDYFGERALLYDEPRTASVISKVNNVECWFVDKSVFLQIIQGPMLAHLEERIKMQDTKVEMDELETERIIGRGTFGTVKLVHHKPTKIRYALKCVSKRSIINLNQQNNIKLEREITAENDHPFIIRLVRTFKDSKYFYFLTELVTGGELYDAIRKLGLLSKSQAQFYLGSIILAIEYLHERNIVYRDLKPENILLDKQGYVKLIDFGCAKKVQGRAYTLVGTPHYMAPEVILGKGYGCTVDIWALGICLYEFICGPLPFGNDEEDQLEIFRDILTGQLTFPDYVTDTDSINLMKRLLCRLPQGRIGCSINGFKDIKDHPFFSNFNWDKLAGRLLDPPLVSKSETYAEDIDIKQIEEEDAEDDEEPLNDEDNWDIDF,3168,5DYK
random_55,OC(=O)Cc1ccc2OCc3ccccc3C(=O)c2c1,MEEDDNLKKGNERNKKKAIFSNDDFTGEDSLMEDHLELREKLSEDIDMIKTSLKNNLVCSTLNDNEILTLSNYMQFFVFKSGNLVIKQGEKGSYFFIINSGKFDVYVNDKKVKTMGKGSSFGEAALIHNTQRSATIIAETDGTLWGVQRSTFRATLKQLSNRNFNENRTFIDSVSVFDMLTEAQKNMITNACVIQNFKSGETIVKQGDYGDVLYILKEGKATVYINDEEIRVLEKGSYFGERALLYDEPRSATIIAKEPTACASICRKLLNIVLGNLQVVLFRNIMTEALQQSEIFKQFSGDQLNDLADTAIVRDYPANYNILHKDKVKSVKYIIVLEGKVELFLDDTSIGILSRGMSFGDQYVLNQKQPFKHTIKSLEVCKIALITETCLADCLGNNNIDASIDYNNKKSIIKKMYIFRYLTDKQCNLLIEAFRTTRYEEGDYIIQEGEVGSRFYIIKNGEVEIVKNKKRLRTLGKNDYFGERALLYDEPRTASVISKVNNVECWFVDKSVFLQIIQGPMLAHLEERIKMQDTKVEMDELETERIIGRGTFGTVKLVHHKPTKIRYALKCVSKRSIINLNQQNNIKLEREITAENDHPFIIRLVRTFKDSKYFYFLTELVTGGELYDAIRKLGLLSKSQAQFYLGSIILAIEYLHERNIVYRDLKPENILLDKQGYVKLIDFGCAKKVQGRAYTLVGTPHYMAPEVILGKGYGCTVDIWALGICLYEFICGPLPFGNDEEDQLEIFRDILTGQLTFPDYVTDTDSINLMKRLLCRLPQGRIGCSINGFKDIKDHPFFSNFNWDKLAGRLLDPPLVSKSETYAEDIDIKQIEEEDAEDDEEPLNDEDNWDIDF,41448,5DYK
random_56,COC(=O)c1cc(OC)c2OCOc2c1-c1c2OCOc2c(OC)cc1C(=O)OC,MHHHHHHSSGRENLYFQGAIIKNVKVPDNYEIKHLIGRGSYGYVYLAYDKNANKNVAIKKVNRMFEDLIDCKRILREITILNRLKSDYIIRLHDLIIPEDLLKFDELYIVLEIADSDLKKLFKTPIFLTEQHVKTILYNLLLGEKFIHESGIIHRDLKPANCLLNQDCSVKICDFGLARTINSDKDIHIVNDLEEKEENEEPGPHNKNLKKQLTSHVVTRWYRAPELILLQENYTNSIDIWSTGCIFAELLNMMKSHINNPTNRFPLFPGSSCFPLSPDHNSKKVHEKSNRDQLNIIFNVIGTPPEEDLKCITKQEVIKYIKLFPTRDGIDLSKKYSSISKEGIDLLESMLRFNAQKRITIDKALSHPYLKDVRKENLENFSTEKIILPFDDWMVLSETQLRYIFLKEIQSFHADLIIPAKLNIHQKSF,108213,3NIE
random_57,O=C(NNc1ccccc1)c1ccncc1,GNTKNEHHKTNKKSLKGGNERHEMKESSVGISKKIVENSFNNSKLRPGMFIQNSNVVFNEQYKGIKILGKGSFGEVILSRDKHTGHEYAIKVISKKHVKRKTDKESLLREVELLKMLDHINIMKLYEFFEDNNYYYLVSDVYTGGELFDEIISRKRFYEIDAARIIKQILSGITYMHKNNVVHRDLKPENILLETKNKEDMIIKIIDFGLSTHFEYSKKMKDKIGTAYYIAPDVLHGTYDEKCDIWSCGVILYILLSGCPPFNGSNEYDILKKVEAGKYTFDLPQFKKISDKAKDLIKKMLMYTSAVRISARDALEHEWIKMMTSKDNLNIDIPSLELSIANIRQFQSTQKLAQAALLYMGSKLTTIDETKELTKIFKKMDKNGDGQLDRNELIIGYKELLKLKGEDTSDLDNAAIEYEVDQILNSIDLDQNGYIEYSEFLTVSIDRKLLLSTERLEKAFKLFDKDGSGKISANELAQLFGLSDVSSECWKTVLKEVDQNNDGEIDFKEFRDMLVKLCNY,225362,4RGJ
random_58,CCC(=O)N1CC[C@@H](C1)Nc1ncnc2CCN(Cc12)c1cnc(OC)c(c1)C(F)(F)F,MEEDDNLKKGNERNKKKAIFSNDDFTGEDSLMEDHLELREKLSEDIDMIKTSLKNNLVCSTLNDNEILTLSNYMQFFVFKSGNLVIKQGEKGSYFFIINSGKFDVYVNDKKVKTMGKGSSFGEAALIHNTQRSATIIAETDGTLWGVQRSTFRATLKQLSNRNFNENRTFIDSVSVFDMLTEAQKNMITNACVIQNFKSGETIVKQGDYGDVLYILKEGKATVYINDEEIRVLEKGSYFGERALLYDEPRSATIIAKEPTACASICRKLLNIVLGNLQVVLFRNIMTEALQQSEIFKQFSGDQLNDLADTAIVRDYPANYNILHKDKVKSVKYIIVLEGKVELFLDDTSIGILSRGMSFGDQYVLNQKQPFKHTIKSLEVCKIALITETCLADCLGNNNIDASIDYNNKKSIIKKMYIFRYLTDKQCNLLIEAFRTTRYEEGDYIIQEGEVGSRFYIIKNGEVEIVKNKKRLRTLGKNDYFGERALLYDEPRTASVISKVNNVECWFVDKSVFLQIIQGPMLAHLEERIKMQDTKVEMDELETERIIGRGTFGTVKLVHHKPTKIRYALKCVSKRSIINLNQQNNIKLEREITAENDHPFIIRLVRTFKDSKYFYFLTELVTGGELYDAIRKLGLLSKSQAQFYLGSIILAIEYLHERNIVYRDLKPENILLDKQGYVKLIDFGCAKKVQGRAYTLVGTPHYMAPEVILGKGYGCTVDIWALGICLYEFICGPLPFGNDEEDQLEIFRDILTGQLTFPDYVTDTDSINLMKRLLCRLPQGRIGCSINGFKDIKDHPFFSNFNWDKLAGRLLDPPLVSKSETYAEDIDIKQIEEEDAEDDEEPLNDEDNWDIDF,57495353,5DYK
random_59,CCCCOc1cc(ccc1N)C(=O)OCCN(CC)CC,GNTKNEHHKTNKKSLKGGNERHEMKESSVGISKKIVENSFNNSKLRPGMFIQNSNVVFNEQYKGIKILGKGSFGEVILSRDKHTGHEYAIKVISKKHVKRKTDKESLLREVELLKMLDHINIMKLYEFFEDNNYYYLVSDVYTGGELFDEIISRKRFYEIDAARIIKQILSGITYMHKNNVVHRDLKPENILLETKNKEDMIIKIIDFGLSTHFEYSKKMKDKIGTAYYIAPDVLHGTYDEKCDIWSCGVILYILLSGCPPFNGSNEYDILKKVEAGKYTFDLPQFKKISDKAKDLIKKMLMYTSAVRISARDALEHEWIKMMTSKDNLNIDIPSLELSIANIRQFQSTQKLAQAALLYMGSKLTTIDETKELTKIFKKMDKNGDGQLDRNELIIGYKELLKLKGEDTSDLDNAAIEYEVDQILNSIDLDQNGYIEYSEFLTVSIDRKLLLSTERLEKAFKLFDKDGSGKISANELAQLFGLSDVSSECWKTVLKEVDQNNDGEIDFKEFRDMLVKLCNY,4633,4RGJ
random_60,CCC(=O)N1CCOc2c(C1)cc(cc2OC[C@H]1CCCN(C)C1)-c1ccc(OC)c(OC)c1,MMEQVCDVFDIYAICACCKVESKNEGKKNEVFNNYTFRGLGNKGVLPWKCNSLDMKYFCAVTTYVNESKYEKLKYKRCKYLNKETVDNVNDMPNSKKLQNVVVMGRTSWESIPKKFKPLSNRINVILSRTLKKEDFDEDVYIINKVEDLIVLLGKLNYYKCFIIGGSVVYQEFLEKKLIKKIYFTRINSTYECDVFFPEINENEYQIISVSDVYTSNNTTLDFIIYKKTNNKMLNEQNCIKGEEKNNDMPLKNDDKDTCHMKKLTEFYKNVDKYKINYEN,90488984,1J3I
random_61,"FC(F)(F)c1ccc(NC(=O)[C@H](C#N)C(=O)CCC#C)cc1 |&1:11,r|",GNTKNEHHKTNKKSLKGGNERHEMKESSVGISKKIVENSFNNSKLRPGMFIQNSNVVFNEQYKGIKILGKGSFGEVILSRDKHTGHEYAIKVISKKHVKRKTDKESLLREVELLKMLDHINIMKLYEFFEDNNYYYLVSDVYTGGELFDEIISRKRFYEIDAARIIKQILSGITYMHKNNVVHRDLKPENILLETKNKEDMIIKIIDFGLSTHFEYSKKMKDKIGTAYYIAPDVLHGTYDEKCDIWSCGVILYILLSGCPPFNGSNEYDILKKVEAGKYTFDLPQFKKISDKAKDLIKKMLMYTSAVRISARDALEHEWIKMMTSKDNLNIDIPSLELSIANIRQFQSTQKLAQAALLYMGSKLTTIDETKELTKIFKKMDKNGDGQLDRNELIIGYKELLKLKGEDTSDLDNAAIEYEVDQILNSIDLDQNGYIEYSEFLTVSIDRKLLLSTERLEKAFKLFDKDGSGKISANELAQLFGLSDVSSECWKTVLKEVDQNNDGEIDFKEFRDMLVKLCNY,,4RGJ
random_62,N[C@H]1CCCC[C@H]1Nc1ncc(C(N)=O)c(Nc2cccc(c2)-n2nccn2)n1,NEDICFIAGIGDTNGYGWGIAKELSKRNVKIIFGIWPPVYNIFMKNYKNGKFDNDMIIDKDKKMNILDMLPFDASFDTANDIDEETKNNKRYNMLQNYTIEDVANLIHQKYGKINMLVHSLANAKEVQKDLLNTSRKGYLDALSKSSYSLISLCKYFVNIMKPQSSIISLTYHASQKVVPGYGGGMSSAKAALESDTRVLAYHLGRNYNIRINTISAGPLASRAATAINKLNNTYENNTNQNKNRNRHDVHNIMNNSGEKEEKKISASQNYTFIDYAIEYSEKYAPLRQKLLSTDIGSVASFLLSRESRAITGQTIYVDNGLNIMFLPD,44462758,3AM5
random_63,COc1ccc2c(NC(=O)Nc3cccc(n3)C(F)(F)F)ccnc2c1,NEDICFIAGIGDTNGYGWGIAKELSKRNVKIIFGIWPPVYNIFMKNYKNGKFDNDMIIDKDKKMNILDMLPFDASFDTANDIDEETKNNKRYNMLQNYTIEDVANLIHQKYGKINMLVHSLANAKEVQKDLLNTSRKGYLDALSKSSYSLISLCKYFVNIMKPQSSIISLTYHASQKVVPGYGGGMSSAKAALESDTRVLAYHLGRNYNIRINTISAGPLKSRAATAINKLNNTYENNTNQNKNRNRHDVHNIMNNSGEKEEKKISASQNYTFIDYMIEYSEKYAPLRQKLLSTDIGSVASFLLSRESRAITGQTIYVDNGLNIMFLPD,49830684,3AM3
random_64,CN1CCN(CC(=O)N2c3c(C)scc3C(=O)Nc3ccccc23)CC1,MEEDDNLKKGNERNKKKAIFSNDDFTGEDSLMEDHLELREKLSEDIDMIKTSLKNNLVCSTLNDNEILTLSNYMQFFVFKSGNLVIKQGEKGSYFFIINSGKFDVYVNDKKVKTMGKGSSFGEAALIHNTQRSATIIAETDGTLWGVQRSTFRATLKQLSNRNFNENRTFIDSVSVFDMLTEAQKNMITNACVIQNFKSGETIVKQGDYGDVLYILKEGKATVYINDEEIRVLEKGSYFGERALLYDEPRSATIIAKEPTACASICRKLLNIVLGNLQVVLFRNIMTEALQQSEIFKQFSGDQLNDLADTAIVRDYPANYNILHKDKVKSVKYIIVLEGKVELFLDDTSIGILSRGMSFGDQYVLNQKQPFKHTIKSLEVCKIALITETCLADCLGNNNIDASIDYNNKKSIIKKMYIFRYLTDKQCNLLIEAFRTTRYEEGDYIIQEGEVGSRFYIIKNGEVEIVKNKKRLRTLGKNDYFGERALLYDEPRTASVISKVNNVECWFVDKSVFLQIIQGPMLAHLEERIKMQDTKVEMDELETERIIGRGTFGTVKLVHHKPTKIRYALKCVSKRSIINLNQQNNIKLEREITAENDHPFIIRLVRTFKDSKYFYFLTELVTGGELYDAIRKLGLLSKSQAQFYLGSIILAIEYLHERNIVYRDLKPENILLDKQGYVKLIDFGCAKKVQGRAYTLVGTPHYMAPEVILGKGYGCTVDIWALGICLYEFICGPLPFGNDEEDQLEIFRDILTGQLTFPDYVTDTDSINLMKRLLCRLPQGRIGCSINGFKDIKDHPFFSNFNWDKLAGRLLDPPLVSKSETYAEDIDIKQIEEEDAEDDEEPLNDEDNWDIDF,5387,5DYK
random_65,CS(=O)(=O)CCC#N,MMEQVCDVFDIYAICACCKVESKNEGKKNEVFNNYTFRGLGNKGVLPWKCISLDMKYFRAVTTYVNESKYEKLKYKRCKYLNKETVDNVNDMPNSKKLQNVVVMGRTNWESIPKKFKPLSNRINVILSRTLKKEDFDEDVYIINKVEDLIVLLGKLNYYKCFILGGSVVYQEFLEKKLIKKIYFTRINSTYECDVFFPEINENEYQIISVSDVYTSNNTTLDFIIYKKTNNKMLNEQNCIKGEEKNNDMPLKNDDKDTCHMKKLTEFYKNVDKYKINYEN,12714644,1J3K
random_66,Cn1ncc(Cl)c1-c1cc(oc1Cl)C(=O)N[C@H](CN)Cc1ccc(F)c(F)c1,NEDICFIAGIGDTNGYGWGIAKELSKRNVKIIFGIWPPVYNIFMKNYKNGKFDNDMIIDKDKKMNILDMLPFDASFDTANDIDEETKNNKRYNMLQNYTIEDVANLIHQKYGKINMLVHSLANAKEVQKDLLNTSRKGYLDALSKSSYSLISLCKYFVNIMKPQSSIISLTYHASQKVVPGYGGGMSSAKAALESDTRVLAYHLGRNYNIRINTISAGPLASRAATAINKLNNTYENNTNQNKNRNRHDVHNIMNNSGEKEEKKISASQNYTFIDYAIEYSEKYAPLRQKLLSTDIGSVASFLLSRESRAITGQTIYVDNGLNIMFLPD,51042438,3AM5
random_67,NCCCNCCSP(O)(O)=O,NEDICFIAGIGDTNGYGWGIAKELSKRNVKIIFGIWPPVYNIFMKNYKNGKFDNDMIIDKDKKMNILDMLPFDASFDTANDIDEETKNNKRYNMLQNYTIEDVANLIHQKYGKINMLVHSLANAKEVQKDLLNTSRKGYLDALSKSSYSLISLCKYFVNIMKPQSSIISLTYHASQKVVPGYGGGMSSAKAALESDTRVLAYHLGRNYNIRINTISAGPLASRAATAINKLNNTYENNTNQNKNRNRHDVHNIMNNSGEKEEKKISASQNYTFIDYAIEYSEKYAPLRQKLLSTDIGSVASFLLSRESRAITGQTIYVDNGLNIMFLPD,29927142,3AM5
random_68,NC(=O)[C@@H]1CC[C@@H]2CN1C(=O)N2OS(O)(=O)=O,NEDICFIAGIGDTNGYGWGIAKELSKRNVKIIFGIWPPVYNIFMKNYKNGKFDNDMIIDKDKKMNILDMLPFDASFDTANDIDEETKNNKRYNMLQNYTIEDVANLIHQKYGKINMLVHSLANAKEVQKDLLNTSRKGYLDALSKSSYSLISLCKYFVNIMKPQSSIISLTYHASQKVVPGYGGGMSSAKAALESDTRVLAYHLGRNYNIRINTISAGPLASRAATAINKLNNTYENNTNQNKNRNRHDVHNIMNNSGEKEEKKISASQNYTFIDYAIEYSEKYAPLRQKLLSTDIGSVASFLLSRESRAITGQTIYVDNGLNIMFLPD,9835049,3AM5
random_69,CC1(C)OC[C@H](NC(=O)Nc2ccc(Br)cc2Br)[C@@H](O1)c1ccccc1,MEKYHGLEKIGEGTYGVVYKAQNNYGETFALKKIRLEKEDEGIPSTTIREISILKELKHSNIVKLYDVIHTKKRLVLVFEHLDQDLKKLLDVCEGGLESVTAKSFLLQLLNGIAYCHDRRVLHRDLKPQNLLINREGELKIADFGLARAFGIPVRKYTHEVVTLWYRAPDVLMGSKKYSTTIDIWSVGCIFAEMVNGTPLFPGVSEADQLMRIFRILGTPNSKNWPNVTELPKYDPNFTVYEPLPWESFLKGLDESGIDLLSKMLKLDPNQRITAKQALEHAYFKENN,9869934,1V0O
random_70,CNc1nn2c(C)c(N(C)C)c(C)nc2c1S(=O)(=O)c1ccccc1,MMEQVCDVFDIYAICACCKVESKNEGKKNEVFNNYTFRGLGNKGVLPWKCISLDMKYFRAVTTYVNESKYEKLKYKRCKYLNKETVDNVNDMPNSKKLQNVVVMGRTNWESIPKKFKPLSNRINVILSRTLKKEDFDEDVYIINKVEDLIVLLGKLNYYKCFILGGSVVYQEFLEKKLIKKIYFTRINSTYECDVFFPEINENEYQIISVSDVYTSNNTTLDFIIYKKTNNKMLNEQNCIKGEEKNNDMPLKNDDKDTCHMKKLTEFYKNVDKYKINYEN,56655571,1J3K
random_71,CN1CCC(CC1)c1c[nH]c2ccc(NC(=O)c3ccc(F)cc3)cc12,EDICFIAGIGDTNGYGWGIAKELSKRNVKIIFGIWPPVYNIFMKNYKNGKFDNDMIIDKDKKMNILDMLPFDASFDTANDIDEETKNNKRYNMLQNYTIEDVANLIHQKYGKINMLVHSLANAKEVQKDLLNTSRKGYLDALSKSSYSLISLCKYFVNIMKPQSSIISLTYHASQKVVPGYGGGMSSAKAALESDTRVLAYHLGRNYNIRINTISAGPLKSRAATAINK,5311258,1NHG
random_72,CC(C)NC[C@H](O)COc1ccc(CCOCC2CC2)cc1,GNTKNEHHKTNKKSLKGGNERHEMKESSVGISKKIVENSFNNSKLRPGMFIQNSNVVFNEQYKGIKILGKGSFGEVILSRDKHTGHEYAIKVISKKHVKRKTDKESLLREVELLKMLDHINIMKLYEFFEDNNYYYLVSDVYTGGELFDEIISRKRFYEIDAARIIKQILSGITYMHKNNVVHRDLKPENILLETKNKEDMIIKIIDFGLSTHFEYSKKMKDKIGTAYYIAPDVLHGTYDEKCDIWSCGVILYILLSGCPPFNGSNEYDILKKVEAGKYTFDLPQFKKISDKAKDLIKKMLMYTSAVRISARDALEHEWIKMMTSKDNLNIDIPSLELSIANIRQFQSTQKLAQAALLYMGSKLTTIDETKELTKIFKKMDKNGDGQLDRNELIIGYKELLKLKGEDTSDLDNAAIEYEVDQILNSIDLDQNGYIEYSEFLTVSIDRKLLLSTERLEKAFKLFDKDGSGKISANELAQLFGLSDVSSECWKTVLKEVDQNNDGEIDFKEFRDMLVKLCNY,60657,4RGJ
random_73,CC(C)NC[C@@H](O)COc1ccccc1-n1cccc1 |&1:5|,NEDICFIAGIGDTNGYGWGIAKELSKRNVKIIFGIWPPVYNIFMKNYKNGKFDNDMIIDKDKKMNILDMLPFDASFDTANDIDEETKNNKRYNMLQNYTIEDVANLIHQKYGKINMLVHSLANAKEVQKDLLNTSRKGYLDALSKSSYSLISLCKYFVNIMKPQSSIISLTYHASQKVVPGYGGGMSSAKAALESDTRVLAYHLGRNYNIRINTISAGPLKSRAATAINKLNNTYENNTNQNKNRNRHDVHNIMNNSGEKEEKKISASQNYTFIDYMIEYSEKYAPLRQKLLSTDIGSVASFLLSRESRAITGQTIYVDNGLNIMFLPD,6604790,3AM3
random_74,Cc1c([nH]c(N)c1C#N)-c1ccccc1F,SSIEKNFIALENKNATVEQTKENIFLVPLKHLRDSQFVGELLVGTPPQTVYPIFDTGSTNVWVVTTACEEESCKKVRRYDPNKSKTFRRSFIEKNLHIVFGSGSISGSVGTDTFMLGKHLVRNQTFGLVESESNNNKNGGDNIFDYISFEGIVGLGFPGMLSAGNIPFFDNLLKQNPNVDPQFSFYISPYDGKSTLIIGGISKSFYEGDIYMLPVLKESYWEVKLDELYIGKERICCDEESYVIFDTGTSYNTMPSSQMKTFLNLIHSTACTEQNYKDILKSYPIIKYVFGELIIELHPEEYMILNDDVCMPAYMQIDVPSERNHAYLLGSLSFMRNFFTVFVRGTESRPSMVGVARAKSKNENLYFQGHHHHHHHH,10176749,7TBB
random_75,Cc1[nH]cnc1-c1ccc(Cl)cc1,MEKYHGLEKIGEGTYGVVYKAQNNYGETFALKKIRLEKEDEGIPSTTIREISILKELKHSNIVKLYDVIHTKKRLVLVFEHLDQDLKKLLDVCEGGLESVTAKSFLLQLLNGIAYCHDRRVLHRDLKPQNLLINREGELKIADFGLARAFGIPVRKYTHEVVTLWYRAPDVLMGSKKYSTTIDIWSVGCIFAEMVNGTPLFPGVSEADQLMRIFRILGTPNSKNWPNVTELPKYDPNFTVYEPLPWESFLKGLDESGIDLLSKMLKLDPNQRITAKQALEHAYFKENN,71967,1V0O
random_76,Nc1nc2cc(Cl)ccc2o1,EDICFIAGIGDTNGYGWGIAKELSKRNVKIIFGIWPPVYNIFMKNYKNGKFDNDMIIDKDKKMNILDMLPFDASFDTANDIDEETKNNKRYNMLQNYTIEDVANLIHQKYGKINMLVHSLANAKEVQKDLLNTSRKGYLDALSKSSYSLISLCKYFVNIMKPQSSIISLTYHASQKVVPGYGGGMSSAKAALESDTRVLAYHLGRNYNIRINTISAGPLKSRAATAINKLNNTYENNTNQNKNRNSHDVHNIMNNSGEKEEKKNSASQNYTFIDYAIEYSEKYAPLRQKLLSTDIGSVASFLLSRESRAITGQTIYVDNGLNIMFLPDDIYRNENE,6103,1VRW
random_77,C[C@@H](c1ccccn1)n1cc(-c2ccc(cc2)C(O)=O)c2ncc(cc12)-c1c(C)noc1C,NEDICFIAGIGDTNGYGWGIAKELSKRNVKIIFGIWPPVYNIFMKNYKNGKFDNDMIIDKDKKMNILDMLPFDASFDTANDIDEETKNNKRYNMLQNYTIEDVANLIHQKYGKINMLVHSLANAKEVQKDLLNTSRKGYLDALSKSSYSLISLCKYFVNIMKPQSSIISLTYHASQKVVPGYGGGMSSAKAALESDTRVLAYHLGRNYNIRINTISAGPLASRAATAINKLNNTYENNTNQNKNRNRHDVHNIMNNSGEKEEKKISASQNYTFIDYAIEYSEKYAPLRQKLLSTDIGSVASFLLSRESRAITGQTIYVDNGLNIMFLPD,90448953,3AM5
random_78,CN(C[C@@H]1COCCO1)S(=O)(=O)Nc1ccc2ccc3ncc(cc3c(=O)c2c1)-c1cnn(C)c1,NEDICFIAGIGDTNGYGWGIAKELSKRNVKIIFGIWPPVYNIFMKNYKNGKFDNDMIIDKDKKMNILDMLPFDASFDTANDIDEETKNNKRYNMLQNYTIEDVANLIHQKYGKINMLVHSLANAKEVQKDLLNTSRKGYLDALSKSSYSLISLCKYFVNIMKPQSSIISLTYHASQKVVPGYGGGMSSAKAALESDTRVLAYHLGRNYNIRINTISAGPLASRAATAINKLNNTYENNTNQNKNRNRHDVHNIMNNSGEKEEKKISASQNYTFIDYAIEYSEKYAPLRQKLLSTDIGSVASFLLSRESRAITGQTIYVDNGLNIMFLPD,44137946,3AM5
random_79,CC(C)c1ccc(CC(=O)N[C@H](C)c2ccc(OCC(F)(F)F)cn2)cc1,NEDICFIAGIGDTNGYGWGIAKELSKRNVKIIFGIWPPVYNIFMKNYKNGKFDNDMIIDKDKKMNILDMLPFDASFDTANDIDEETKNNKRYNMLQNYTIEDVANLIHQKYGKINMLVHSLANAKEVQKDLLNTSRKGYLDALSKSSYSLISLCKYFVNIMKPQSSIISLTYHASQKVVPGYGGGMSSAKAALESDTRVLAYHLGRNYNIRINTISAGPLASRAATAINKLNNTYENNTNQNKNRNRHDVHNIMNNSGEKEEKKISASQNYTFIDYAIEYSEKYAPLRQKLLSTDIGSVASFLLSRESRAITGQTIYVDNGLNIMFLPD,24765479,3AM5
random_80,"CNc1cc(OC)c(cc1Cl)C(=O)N[C@@H]1CCN(Cc2ccccc2)[C@@H]1C |&1:14,25|",MEKYHGLEKIGEGTYGVVYKAQNNYGETFALKKIRLEKEDEGIPSTTIREISILKELKHSNIVKLYDVIHTKKRLVLVFEHLDQDLKKLLDVCEGGLESVTAKSFLLQLLNGIAYCHDRRVLHRDLKPQNLLINREGELKIADFGLARAFGIPVRKYTHEIVTLWYRAPDVLMGSKKYSTTIDIWSVGCIFAEMVNGTPLFPGVSEADQLMRIFRILGTPNSKNWPNVTELPKYDPNFTVYEPLPWESFLKGLDESGIDLLSKMLKLDPNQRITAKQALEHAYFKENN,156333,1OB3
random_81,OC(=O)c1ccc2nc(oc2c1)-c1cc(Cl)cc(Cl)c1,MEKYHGLEKIGEGTYGVVYKAQNNYGETFALKKIRLEKEDEGIPSTTIREISILKELKHSNIVKLYDVIHTKKRLVLVFEHLDQDLKKLLDVCEGGLESVTAKSFLLQLLNGIAYCHDRRVLHRDLKPQNLLINREGELKIADFGLARAFGIPVRKYTHEIVTLWYRAPDVLMGSKKYSTTIDIWSVGCIFAEMVNGTPLFPGVSEADQLMRIFRILGTPNSKNWPNVTELPKYDPNFTVYEPLPWESFLKGLDESGIDLLSKMLKLDPNQRITAKQALEHAYFKENN,11001318,1OB3
random_82,OC(=O)Cc1nn(Cc2nc3cc(ccc3s2)C(F)(F)F)c(=O)c2ccccc12,MEEDDNLKKGNERNKKKAIFSNDDFTGEDSLMEDHLELREKLSEDIDMIKTSLKNNLVCSTLNDNEILTLSNYMQFFVFKSGNLVIKQGEKGSYFFIINSGKFDVYVNDKKVKTMGKGSSFGEAALIHNTQRSATIIAETDGTLWGVQRSTFRATLKQLSNRNFNENRTFIDSVSVFDMLTEAQKNMITNACVIQNFKSGETIVKQGDYGDVLYILKEGKATVYINDEEIRVLEKGSYFGERALLYDEPRSATIIAKEPTACASICRKLLNIVLGNLQVVLFRNIMTEALQQSEIFKQFSGDQLNDLADTAIVRDYPANYNILHKDKVKSVKYIIVLEGKVELFLDDTSIGILSRGMSFGDQYVLNQKQPFKHTIKSLEVCKIALITETCLADCLGNNNIDASIDYNNKKSIIKKMYIFRYLTDKQCNLLIEAFRTTRYEEGDYIIQEGEVGSRFYIIKNGEVEIVKNKKRLRTLGKNDYFGERALLYDEPRTASVISKVNNVECWFVDKSVFLQIIQGPMLAHLEERIKMQDTKVEMDELETERIIGRGTFGTVKLVHHKPTKIRYALKCVSKRSIINLNQQNNIKLEREITAENDHPFIIRLVRTFKDSKYFYFLTELVTGGELYDAIRKLGLLSKSQAQFYLGSIILAIEYLHERNIVYRDLKPENILLDKQGYVKLIDFGCAKKVQGRAYTLVGTPHYMAPEVILGKGYGCTVDIWALGICLYEFICGPLPFGNDEEDQLEIFRDILTGQLTFPDYVTDTDSINLMKRLLCRLPQGRIGCSINGFKDIKDHPFFSNFNWDKLAGRLLDPPLVSKSETYAEDIDIKQIEEEDAEDDEEPLNDEDNWDIDF,1613,5DYK
random_83,Cc1cc(O)c2C(=O)c3c(O)cc(O)cc3C(=O)c2c1,GPLGSMKDILSNYSNLIYLNKYVKEKDKYINDYRIIRTLNQGKFNKIILCEKDNKFYALKKYEKSLLEKKRDFTKSNNDKISIKSKYDDFKNELQIITDIKNEYCLTCEGIITNYDEVYIIYEYMENDSILKFDEYFFVLDKNYTCFIPIQVIKCIIKSVLNSFSYIHNEKNICHRDVKPSNILMDKNGRVKLSDFGESEYMVDKKIKGSRGTYEFMPPEFFSNESSYNGAKVDIWSLGICLYVMFYNVVPFSLKISLVELFNNIRTKNIEYPLDRNHFLYPLTNKKSTCSNNFLSNEDIDFLKLFLRKNPAERITSEDALKHEWLADTNIEDLREFSKELYKKRKKL,3220,2PML
random_84,FC(F)(F)c1cc(NC(=O)Nc2c(Br)cc(Br)cc2-c2nn[nH]n2)cc(c1)C(F)(F)F,MEEDDNLKKGNERNKKKAIFSNDDFTGEDSLMEDHLELREKLSEDIDMIKTSLKNNLVCSTLNDNEILTLSNYMQFFVFKSGNLVIKQGEKGSYFFIINSGKFDVYVNDKKVKTMGKGSSFGEAALIHNTQRSATIIAETDGTLWGVQRSTFRATLKQLSNRNFNENRTFIDSVSVFDMLTEAQKNMITNACVIQNFKSGETIVKQGDYGDVLYILKEGKATVYINDEEIRVLEKGSYFGERALLYDEPRSATIIAKEPTACASICRKLLNIVLGNLQVVLFRNIMTEALQQSEIFKQFSGDQLNDLADTAIVRDYPANYNILHKDKVKSVKYIIVLEGKVELFLDDTSIGILSRGMSFGDQYVLNQKQPFKHTIKSLEVCKIALITETCLADCLGNNNIDASIDYNNKKSIIKKMYIFRYLTDKQCNLLIEAFRTTRYEEGDYIIQEGEVGSRFYIIKNGEVEIVKNKKRLRTLGKNDYFGERALLYDEPRTASVISKVNNVECWFVDKSVFLQIIQGPMLAHLEERIKMQDTKVEMDELETERIIGRGTFGTVKLVHHKPTKIRYALKCVSKRSIINLNQQNNIKLEREITAENDHPFIIRLVRTFKDSKYFYFLTELVTGGELYDAIRKLGLLSKSQAQFYLGSIILAIEYLHERNIVYRDLKPENILLDKQGYVKLIDFGCAKKVQGRAYTLVGTPHYMAPEVILGKGYGCTVDIWALGICLYEFICGPLPFGNDEEDQLEIFRDILTGQLTFPDYVTDTDSINLMKRLLCRLPQGRIGCSINGFKDIKDHPFFSNFNWDKLAGRLLDPPLVSKSETYAEDIDIKQIEEEDAEDDEEPLNDEDNWDIDF,11642685,5DYK
random_85,CN1CCN(CC1)C1=Nc2cc(Cl)ccc2Nc2ccccc12 |t:8|,MMEQVCDVFDIYAICACCKVESKNEGKKNEVFNNYTFRGLGNKGVLPWKCNSLDMKYFCAVTTYVNESKYEKLKYKRCKYLNKETVDNVNDMPNSKKLQNVVVMGRTSWESIPKKFKPLSNRINVILSRTLKKEDFDEDVYIINKVEDLIVLLGKLNYYKCFIIGGSVVYQEFLEKKLIKKIYFTRINSTYECDVFFPEINENEYQIISVSDVYTSNNTTLDFIIYKKTNNKMLNEQNCIKGEEKNNDMPLKNDDKDTCHMKKLTEFYKNVDKYKINYEN,135398737,1J3I
random_86,OCc1cncc(F)c1,MEEDDNLKKGNERNKKKAIFSNDDFTGEDSLMEDHLELREKLSEDIDMIKTSLKNNLVCSTLNDNEILTLSNYMQFFVFKSGNLVIKQGEKGSYFFIINSGKFDVYVNDKKVKTMGKGSSFGEAALIHNTQRSATIIAETDGTLWGVQRSTFRATLKQLSNRNFNENRTFIDSVSVFDMLTEAQKNMITNACVIQNFKSGETIVKQGDYGDVLYILKEGKATVYINDEEIRVLEKGSYFGERALLYDEPRSATIIAKEPTACASICRKLLNIVLGNLQVVLFRNIMTEALQQSEIFKQFSGDQLNDLADTAIVRDYPANYNILHKDKVKSVKYIIVLEGKVELFLDDTSIGILSRGMSFGDQYVLNQKQPFKHTIKSLEVCKIALITETCLADCLGNNNIDASIDYNNKKSIIKKMYIFRYLTDKQCNLLIEAFRTTRYEEGDYIIQEGEVGSRFYIIKNGEVEIVKNKKRLRTLGKNDYFGERALLYDEPRTASVISKVNNVECWFVDKSVFLQIIQGPMLAHLEERIKMQDTKVEMDELETERIIGRGTFGTVKLVHHKPTKIRYALKCVSKRSIINLNQQNNIKLEREITAENDHPFIIRLVRTFKDSKYFYFLTELVTGGELYDAIRKLGLLSKSQAQFYLGSIILAIEYLHERNIVYRDLKPENILLDKQGYVKLIDFGCAKKVQGRAYTLVGTPHYMAPEVILGKGYGCTVDIWALGICLYEFICGPLPFGNDEEDQLEIFRDILTGQLTFPDYVTDTDSINLMKRLLCRLPQGRIGCSINGFKDIKDHPFFSNFNWDKLAGRLLDPPLVSKSETYAEDIDIKQIEEEDAEDDEEPLNDEDNWDIDF,152449,5DYK
random_87,[Y+3],MEEDDNLKKGNERNKKKAIFSNDDFTGEDSLMEDHLELREKLSEDIDMIKTSLKNNLVCSTLNDNEILTLSNYMQFFVFKSGNLVIKQGEKGSYFFIINSGKFDVYVNDKKVKTMGKGSSFGEAALIHNTQRSATIIAETDGTLWGVQRSTFRATLKQLSNRNFNENRTFIDSVSVFDMLTEAQKNMITNACVIQNFKSGETIVKQGDYGDVLYILKEGKATVYINDEEIRVLEKGSYFGERALLYDEPRSATIIAKEPTACASICRKLLNIVLGNLQVVLFRNIMTEALQQSEIFKQFSGDQLNDLADTAIVRDYPANYNILHKDKVKSVKYIIVLEGKVELFLDDTSIGILSRGMSFGDQYVLNQKQPFKHTIKSLEVCKIALITETCLADCLGNNNIDASIDYNNKKSIIKKMYIFRYLTDKQCNLLIEAFRTTRYEEGDYIIQEGEVGSRFYIIKNGEVEIVKNKKRLRTLGKNDYFGERALLYDEPRTASVISKVNNVECWFVDKSVFLQIIQGPMLAHLEERIKMQDTKVEMDELETERIIGRGTFGTVKLVHHKPTKIRYALKCVSKRSIINLNQQNNIKLEREITAENDHPFIIRLVRTFKDSKYFYFLTELVTGGELYDAIRKLGLLSKSQAQFYLGSIILAIEYLHERNIVYRDLKPENILLDKQGYVKLIDFGCAKKVQGRAYTLVGTPHYMAPEVILGKGYGCTVDIWALGICLYEFICGPLPFGNDEEDQLEIFRDILTGQLTFPDYVTDTDSINLMKRLLCRLPQGRIGCSINGFKDIKDHPFFSNFNWDKLAGRLLDPPLVSKSETYAEDIDIKQIEEEDAEDDEEPLNDEDNWDIDF,168049,5DYK
random_88,CCCc1nn(C)c2c1nc([nH]c2=O)-c1cc(ccc1OCC)S(=O)(=O)N1CCN(C)CC1,NEDICFIAGIGDTNGYGWGIAKELSKRNVKIIFGIWPPVYNIFMKNYKNGKFDNDMIIDKDKKMNILDMLPFDASFDTANDIDEETKNNKRYNMLQNYTIEDVANLIHQKYGKINMLVHSLANAKEVQKDLLNTSRKGYLDALSKSSYSLISLCKYFVNIMKPQSSIISLTYHASQKVVPGYGGGMSSAKAALESDTRVLAYHLGRNYNIRINTISAGPLASRAATAINKLNNTYENNTNQNKNRNRHDVHNIMNNSGEKEEKKISASQNYTFIDYAIEYSEKYAPLRQKLLSTDIGSVASFLLSRESRAITGQTIYVDNGLNIMFLPD,135398744,3AM5
random_89,"CC(C)[C@@H](C(=O)Nc1nccs1)c1ccc(Cl)cc1 |&1:3,r|",NEDICFIAGIGDTNGYGWGIAKELSKRNVKIIFGIWPPVYNIFMKNYKNGKFDNDMIIDKDKKMNILDMLPFDASFDTANDIDEETKNNKRYNMLQNYTIEDVANLIHQKYGKINMLVHSLANAKEVQKDLLNTSRKGYLDALSKSSYSLISLCKYFVNIMKPQSSIISLTYHASQKVVPGYGGGMSSAKAALESDTRVLAYHLGRNYNIRINTISAGPLASRAATAINKLNNTYENNTNQNKNRNRHDVHNIMNNSGEKEEKKISASQNYTFIDYAIEYSEKYAPLRQKLLSTDIGSVASFLLSRESRAITGQTIYVDNGLNIMFLPD,854190,3AM5
random_90,CC1(COc2ccc(C[C@H]3SC(=O)NC3=O)cc2)CCCCC1 |r|,NEDICFIAGIGDTNGYGWGIAKELSKRNVKIIFGIWPPVYNIFMKNYKNGKFDNDMIIDKDKKMNILDMLPFDASFDTANDIDEETKNNKRYNMLQNYTIEDVANLIHQKYGKINMLVHSLANAKEVQKDLLNTSRKGYLDALSKSSYSLISLCKYFVNIMKPQSSIISLTYHASQKVVPGYGGGMSSAKAALESDTRVLAYHLGRNYNIRINTISAGPLASRAATAINKLNNTYENNTNQNKNRNRHDVHNIMNNSGEKEEKKISASQNYTFIDYAIEYSEKYAPLRQKLLSTDIGSVASFLLSRESRAITGQTIYVDNGLNIMFLPD,6604850,3AM5
random_91,"CCC(=O)O[C@@H](OP(=O)(CCCCc1ccccc1)CC(=O)N1C[C@@H](C[C@H]1C(O)=O)C1CCCCC1)C(C)C |a:5,24,26,&1:7|",GNTKNEHHKTNKKSLKGGNERHEMKESSVGISKKIVENSFNNSKLRPGMFIQNSNVVFNEQYKGIKILGKGSFGEVILSRDKHTGHEYAIKVISKKHVKRKTDKESLLREVELLKMLDHINIMKLYEFFEDNNYYYLVSDVYTGGELFDEIISRKRFYEIDAARIIKQILSGITYMHKNNVVHRDLKPENILLETKNKEDMIIKIIDFGLSTHFEYSKKMKDKIGTAYYIAPDVLHGTYDEKCDIWSCGVILYILLSGCPPFNGSNEYDILKKVEAGKYTFDLPQFKKISDKAKDLIKKMLMYTSAVRISARDALEHEWIKMMTSKDNLNIDIPSLELSIANIRQFQSTQKLAQAALLYMGSKLTTIDETKELTKIFKKMDKNGDGQLDRNELIIGYKELLKLKGEDTSDLDNAAIEYEVDQILNSIDLDQNGYIEYSEFLTVSIDRKLLLSTERLEKAFKLFDKDGSGKISANELAQLFGLSDVSSECWKTVLKEVDQNNDGEIDFKEFRDMLVKLCNY,6708482,4RGJ
random_92,CCCCc1ccc(O)cc1O,EDICFIAGIGDTNGYGWGIAKELSKRNVKIIFGIWPPVYNIFMKNYKNGKFDNDMIIDKDKKMNILDMLPFDASFDTANDIDEETKNNKRYNMLQNYTIEDVANLIHQKYGKINMLVHSLANAKEVQKDLLNTSRKGYLDALSKSSYSLISLCKYFVNIMKPQSSIISLTYHASQKVVPGYGGGMSSAKAALESDTRVLAYHLGRNYNIRINTISAGPLKSRAATAINKLNNTYENNTNQNKNRNSHDVHNIMNNSGEKEEKKNSASQNYTFIDYAIEYSEKYAPLRQKLLSTDIGSVASFLLSRESRAITGQTIYVDNGLNIMFLPDDIYRNENE,205912,1VRW
random_93,CC(C)Cc1sc(N)nc1-c1ccc(o1)P(O)(O)=O,MEEDDNLKKGNERNKKKAIFSNDDFTGEDSLMEDHLELREKLSEDIDMIKTSLKNNLVCSTLNDNEILTLSNYMQFFVFKSGNLVIKQGEKGSYFFIINSGKFDVYVNDKKVKTMGKGSSFGEAALIHNTQRSATIIAETDGTLWGVQRSTFRATLKQLSNRNFNENRTFIDSVSVFDMLTEAQKNMITNACVIQNFKSGETIVKQGDYGDVLYILKEGKATVYINDEEIRVLEKGSYFGERALLYDEPRSATIIAKEPTACASICRKLLNIVLGNLQVVLFRNIMTEALQQSEIFKQFSGDQLNDLADTAIVRDYPANYNILHKDKVKSVKYIIVLEGKVELFLDDTSIGILSRGMSFGDQYVLNQKQPFKHTIKSLEVCKIALITETCLADCLGNNNIDASIDYNNKKSIIKKMYIFRYLTDKQCNLLIEAFRTTRYEEGDYIIQEGEVGSRFYIIKNGEVEIVKNKKRLRTLGKNDYFGERALLYDEPRTASVISKVNNVECWFVDKSVFLQIIQGPMLAHLEERIKMQDTKVEMDELETERIIGRGTFGTVKLVHHKPTKIRYALKCVSKRSIINLNQQNNIKLEREITAENDHPFIIRLVRTFKDSKYFYFLTELVTGGELYDAIRKLGLLSKSQAQFYLGSIILAIEYLHERNIVYRDLKPENILLDKQGYVKLIDFGCAKKVQGRAYTLVGTPHYMAPEVILGKGYGCTVDIWALGICLYEFICGPLPFGNDEEDQLEIFRDILTGQLTFPDYVTDTDSINLMKRLLCRLPQGRIGCSINGFKDIKDHPFFSNFNWDKLAGRLLDPPLVSKSETYAEDIDIKQIEEEDAEDDEEPLNDEDNWDIDF,11289630,5DYK
random_94,C[C@H](C(O)=O)c1ccc(c(F)c1)-c1ccccc1,MEKYHGLEKIGEGTYGVVYKAQNNYGETFALKKIRLEKEDEGIPSTTIREISILKELKHSNIVKLYDVIHTKKRLVLVFEHLDQDLKKLLDVCEGGLESVTAKSFLLQLLNGIAYCHDRRVLHRDLKPQNLLINREGELKIADFGLARAFGIPVRKYTHEVVTLWYRAPDVLMGSKKYSTTIDIWSVGCIFAEMVNGTPLFPGVSEADQLMRIFRILGTPNSKNWPNVTELPKYDPNFTVYEPLPWESFLKGLDESGIDLLSKMLKLDPNQRITAKQALEHAYFKENN,72099,1V0O
random_95,Oc1ccc(NC2=C(C(=O)NC2=O)c2ccccc2[N+]([O-])=O)cc1Cl |t:6|,MEEDDNLKKGNERNKKKAIFSNDDFTGEDSLMEDHLELREKLSEDIDMIKTSLKNNLVCSTLNDNEILTLSNYMQFFVFKSGNLVIKQGEKGSYFFIINSGKFDVYVNDKKVKTMGKGSSFGEAALIHNTQRSATIIAETDGTLWGVQRSTFRATLKQLSNRNFNENRTFIDSVSVFDMLTEAQKNMITNACVIQNFKSGETIVKQGDYGDVLYILKEGKATVYINDEEIRVLEKGSYFGERALLYDEPRSATIIAKEPTACASICRKLLNIVLGNLQVVLFRNIMTEALQQSEIFKQFSGDQLNDLADTAIVRDYPANYNILHKDKVKSVKYIIVLEGKVELFLDDTSIGILSRGMSFGDQYVLNQKQPFKHTIKSLEVCKIALITETCLADCLGNNNIDASIDYNNKKSIIKKMYIFRYLTDKQCNLLIEAFRTTRYEEGDYIIQEGEVGSRFYIIKNGEVEIVKNKKRLRTLGKNDYFGERALLYDEPRTASVISKVNNVECWFVDKSVFLQIIQGPMLAHLEERIKMQDTKVEMDELETERIIGRGTFGTVKLVHHKPTKIRYALKCVSKRSIINLNQQNNIKLEREITAENDHPFIIRLVRTFKDSKYFYFLTELVTGGELYDAIRKLGLLSKSQAQFYLGSIILAIEYLHERNIVYRDLKPENILLDKQGYVKLIDFGCAKKVQGRAYTLVGTPHYMAPEVILGKGYGCTVDIWALGICLYEFICGPLPFGNDEEDQLEIFRDILTGQLTFPDYVTDTDSINLMKRLLCRLPQGRIGCSINGFKDIKDHPFFSNFNWDKLAGRLLDPPLVSKSETYAEDIDIKQIEEEDAEDDEEPLNDEDNWDIDF,4210951,5DYK
random_96,C[Se]C[C@H](N)C(O)=O,MEKYHGLEKIGEGTYGVVYKAQNNYGETFALKKIRLEKEDEGIPSTTIREISILKELKHSNIVKLYDVIHTKKRLVLVFEHLDQDLKKLLDVCEGGLESVTAKSFLLQLLNGIAYCHDRRVLHRDLKPQNLLINREGELKIADFGLARAFGIPVRKYTHEVVTLWYRAPDVLMGSKKYSTTIDIWSVGCIFAEMVNGTPLFPGVSEADQLMRIFRILGTPNSKNWPNVTELPKYDPNFTVYEPLPWESFLKGLDESGIDLLSKMLKLDPNQRITAKQALEHAYFKENN,45266674,1V0O
random_97,NS(=O)(=O)NCc1csc2ccccc12,GNTKNEHHKTNKKSLKGGNERHEMKESSVGISKKIVENSFNNSKLRPGMFIQNSNVVFNEQYKGIKILGKGSFGEVILSRDKHTGHEYAIKVISKKHVKRKTDKESLLREVELLKMLDHINIMKLYEFFEDNNYYYLVSDVYTGGELFDEIISRKRFYEIDAARIIKQILSGITYMHKNNVVHRDLKPENILLETKNKEDMIIKIIDFGLSTHFEYSKKMKDKIGTAYYIAPDVLHGTYDEKCDIWSCGVILYILLSGCPPFNGSNEYDILKKVEAGKYTFDLPQFKKISDKAKDLIKKMLMYTSAVRISARDALEHEWIKMMTSKDNLNIDIPSLELSIANIRQFQSTQKLAQAALLYMGSKLTTIDETKELTKIFKKMDKNGDGQLDRNELIIGYKELLKLKGEDTSDLDNAAIEYEVDQILNSIDLDQNGYIEYSEFLTVSIDRKLLLSTERLEKAFKLFDKDGSGKISANELAQLFGLSDVSSECWKTVLKEVDQNNDGEIDFKEFRDMLVKLCNY,11687376,4RGJ
random_98,O[C@H]1[C@H](Oc2cc3oc(cc(O)c3c(=O)c2O)-c2ccccc2)O[C@@H]([C@@H](O)[C@@H]1O)C(O)=O,NEDICFIAGIGDTNGYGWGIAKELSKRNVKIIFGIWPPVYNIFMKNYKNGKFDNDMIIDKDKKMNILDMLPFDASFDTANDIDEETKNNKRYNMLQNYTIEDVANLIHQKYGKINMLVHSLANAKEVQKDLLNTSRKGYLDALSKSSYSLISLCKYFVNIMKPQSSIISLTYHASQKVVPGYGGGMSSAKAALESDTRVLAYHLGRNYNIRINTISAGPLKSRAATAINKLNNTYENNTNQNKNRNRHDVHNIMNNSGEKEEKKISASQNYTFIDYMIEYSEKYAPLRQKLLSTDIGSVASFLLSRESRAITGQTIYVDNGLNIMFLPD,,3AM3
random_99,CN([NH2+][O-])C(=O)N[C@H]1[C@@H](O)O[C@H](CO)[C@@H](O)[C@@H]1O,NEDICFIAGIGDTNGYGWGIAKELSKRNVKIIFGIWPPVYNIFMKNYKNGKFDNDMIIDKDKKMNILDMLPFDASFDTANDIDEETKNNKRYNMLQNYTIEDVANLIHQKYGKINMLVHSLANAKEVQKDLLNTSRKGYLDALSKSSYSLISLCKYFVNIMKPQSSIISLTYHASQKVVPGYGGGMSSAKAALESDTRVLAYHLGRNYNIRINTISAGPLASRAATAINKLNNTYENNTNQNKNRNRHDVHNIMNNSGEKEEKKISASQNYTFIDYAIEYSEKYAPLRQKLLSTDIGSVASFLLSRESRAITGQTIYVDNGLNIMFLPD,124202159,3AM5
