pdb,lig_res,lig_atom,lig_chain,lig_coord,prot_res,prot_atom,prot_chain,prot_coord,distance
8SSP_5DYK_627,"('D', 510)",N1,T,"(-21.518, -17.46, -27.108)","('VAL', 555)",CG1,M,"(-24.813, -14.506, -25.704)",4.643
8SSP_5DYK_627,"('D', 510)",N1,T,"(-21.518, -17.46, -27.108)","('LEU', 671)",CD1,M,"(-18.466, -18.503, -29.648)",4.105
8SSP_5DYK_627,"('D', 510)",N1,T,"(-21.518, -17.46, -27.108)","('ILE', 681)",CD1,M,"(-20.593, -21.692, -28.145)",4.454
8SSP_5DYK_627,"('D', 510)",N2,T,"(-18.628, -15.327, -27.199)","('ALA', 568)",CB,M,"(-21.017, -12.777, -24.604)",4.352
8SSP_5DYK_627,"('D', 510)",N2,T,"(-18.628, -15.327, -27.199)","('ILE', 602)",CD1,M,"(-16.257, -17.428, -24.684)",4.045
8SSP_5DYK_627,"('D', 510)",N2,T,"(-18.628, -15.327, -27.199)","('THR', 618)",OG1,M,"(-19.245, -15.046, -22.548)",4.7
8SSP_5DYK_627,"('D', 510)",N2,T,"(-18.628, -15.327, -27.199)","('GLU', 619)",C,M,"(-16.439, -12.902, -24.407)",4.297
8SSP_5DYK_627,"('D', 510)",N2,T,"(-18.628, -15.327, -27.199)","('GLU', 619)",O,M,"(-17.081, -13.931, -24.631)",3.307
8SSP_5DYK_627,"('D', 510)",N2,T,"(-18.628, -15.327, -27.199)","('LEU', 620)",N,M,"(-16.456, -11.83, -25.193)",4.579
8SSP_5DYK_627,"('D', 510)",N2,T,"(-18.628, -15.327, -27.199)","('LEU', 620)",CA,M,"(-17.135, -11.819, -26.472)",3.881
8SSP_5DYK_627,"('D', 510)",N2,T,"(-18.628, -15.327, -27.199)","('LEU', 620)",C,M,"(-16.208, -12.452, -27.496)",3.77
8SSP_5DYK_627,"('D', 510)",N2,T,"(-18.628, -15.327, -27.199)","('LEU', 620)",O,M,"(-15.059, -12.038, -27.625)",4.872
8SSP_5DYK_627,"('D', 510)",N2,T,"(-18.628, -15.327, -27.199)","('LEU', 620)",CD1,M,"(-19.614, -10.792, -28.131)",4.734
8SSP_5DYK_627,"('D', 510)",N2,T,"(-18.628, -15.327, -27.199)","('VAL', 621)",N,M,"(-16.712, -13.449, -28.217)",2.87
8SSP_5DYK_627,"('D', 510)",N2,T,"(-18.628, -15.327, -27.199)","('VAL', 621)",CA,M,"(-15.946, -14.136, -29.256)",3.584
8SSP_5DYK_627,"('D', 510)",N2,T,"(-18.628, -15.327, -27.199)","('VAL', 621)",C,M,"(-16.528, -13.738, -30.603)",4.304
8SSP_5DYK_627,"('D', 510)",N2,T,"(-18.628, -15.327, -27.199)","('VAL', 621)",O,M,"(-17.71, -13.954, -30.86)",4.016
8SSP_5DYK_627,"('D', 510)",N2,T,"(-18.628, -15.327, -27.199)","('VAL', 621)",CB,M,"(-16.003, -15.661, -29.074)",3.243
8SSP_5DYK_627,"('D', 510)",N2,T,"(-18.628, -15.327, -27.199)","('VAL', 621)",CG1,M,"(-15.154, -16.356, -30.131)",4.661
8SSP_5DYK_627,"('D', 510)",N2,T,"(-18.628, -15.327, -27.199)","('VAL', 621)",CG2,M,"(-15.541, -16.044, -27.67)",3.204
8SSP_5DYK_627,"('D', 510)",N2,T,"(-18.628, -15.327, -27.199)","('LEU', 671)",CD1,M,"(-18.466, -18.503, -29.648)",4.014
8SSP_5DYK_627,"('D', 510)",C3,T,"(-19.346, -15.31, -29.201)","('ILE', 547)",CD1,M,"(-23.205, -12.456, -28.73)",4.823
8SSP_5DYK_627,"('D', 510)",C3,T,"(-19.346, -15.31, -29.201)","('LEU', 620)",CA,M,"(-17.135, -11.819, -26.472)",4.952
8SSP_5DYK_627,"('D', 510)",C3,T,"(-19.346, -15.31, -29.201)","('LEU', 620)",C,M,"(-16.208, -12.452, -27.496)",4.574
8SSP_5DYK_627,"('D', 510)",C3,T,"(-19.346, -15.31, -29.201)","('LEU', 620)",CD1,M,"(-19.614, -10.792, -28.131)",4.651
8SSP_5DYK_627,"('D', 510)",C3,T,"(-19.346, -15.31, -29.201)","('VAL', 621)",N,M,"(-16.712, -13.449, -28.217)",3.372
8SSP_5DYK_627,"('D', 510)",C3,T,"(-19.346, -15.31, -29.201)","('VAL', 621)",CA,M,"(-15.946, -14.136, -29.256)",3.597
8SSP_5DYK_627,"('D', 510)",C3,T,"(-19.346, -15.31, -29.201)","('VAL', 621)",C,M,"(-16.528, -13.738, -30.603)",3.518
8SSP_5DYK_627,"('D', 510)",C3,T,"(-19.346, -15.31, -29.201)","('VAL', 621)",O,M,"(-17.71, -13.954, -30.86)",2.696
8SSP_5DYK_627,"('D', 510)",C3,T,"(-19.346, -15.31, -29.201)","('VAL', 621)",CB,M,"(-16.003, -15.661, -29.074)",3.364
8SSP_5DYK_627,"('D', 510)",C3,T,"(-19.346, -15.31, -29.201)","('VAL', 621)",CG1,M,"(-15.154, -16.356, -30.131)",4.419
8SSP_5DYK_627,"('D', 510)",C3,T,"(-19.346, -15.31, -29.201)","('VAL', 621)",CG2,M,"(-15.541, -16.044, -27.67)",4.167
8SSP_5DYK_627,"('D', 510)",C3,T,"(-19.346, -15.31, -29.201)","('THR', 622)",N,M,"(-15.689, -13.166, -31.46)",4.803
8SSP_5DYK_627,"('D', 510)",C3,T,"(-19.346, -15.31, -29.201)","('LEU', 671)",CG,M,"(-18.073, -19.684, -30.526)",4.744
8SSP_5DYK_627,"('D', 510)",C3,T,"(-19.346, -15.31, -29.201)","('LEU', 671)",CD1,M,"(-18.466, -18.503, -29.648)",3.342
8SSP_5DYK_627,"('D', 510)",C3,T,"(-19.346, -15.31, -29.201)","('TYR', 822)",CD1,M,"(-21.005, -12.432, -32.279)",4.529
8SSP_5DYK_627,"('D', 510)",C3,T,"(-19.346, -15.31, -29.201)","('TYR', 822)",CE1,M,"(-20.018, -11.537, -31.88)",4.676
8SSP_5DYK_627,"('D', 510)",N4,T,"(-18.383, -14.839, -28.425)","('GLU', 619)",C,M,"(-16.439, -12.902, -24.407)",4.866
8SSP_5DYK_627,"('D', 510)",N4,T,"(-18.383, -14.839, -28.425)","('GLU', 619)",O,M,"(-17.081, -13.931, -24.631)",4.113
8SSP_5DYK_627,"('D', 510)",N4,T,"(-18.383, -14.839, -28.425)","('LEU', 620)",N,M,"(-16.456, -11.83, -25.193)",4.818
8SSP_5DYK_627,"('D', 510)",N4,T,"(-18.383, -14.839, -28.425)","('LEU', 620)",CA,M,"(-17.135, -11.819, -26.472)",3.807
8SSP_5DYK_627,"('D', 510)",N4,T,"(-18.383, -14.839, -28.425)","('LEU', 620)",C,M,"(-16.208, -12.452, -27.496)",3.36
8SSP_5DYK_627,"('D', 510)",N4,T,"(-18.383, -14.839, -28.425)","('LEU', 620)",O,M,"(-15.059, -12.038, -27.625)",4.42
8SSP_5DYK_627,"('D', 510)",N4,T,"(-18.383, -14.839, -28.425)","('LEU', 620)",CB,M,"(-17.465, -10.388, -26.884)",4.799
8SSP_5DYK_627,"('D', 510)",N4,T,"(-18.383, -14.839, -28.425)","('LEU', 620)",CG,M,"(-18.211, -10.209, -28.205)",4.638
8SSP_5DYK_627,"('D', 510)",N4,T,"(-18.383, -14.839, -28.425)","('LEU', 620)",CD1,M,"(-19.614, -10.792, -28.131)",4.24
8SSP_5DYK_627,"('D', 510)",N4,T,"(-18.383, -14.839, -28.425)","('VAL', 621)",N,M,"(-16.712, -13.449, -28.217)",2.183
8SSP_5DYK_627,"('D', 510)",N4,T,"(-18.383, -14.839, -28.425)","('VAL', 621)",CA,M,"(-15.946, -14.136, -29.256)",2.669
8SSP_5DYK_627,"('D', 510)",N4,T,"(-18.383, -14.839, -28.425)","('VAL', 621)",C,M,"(-16.528, -13.738, -30.603)",3.065
8SSP_5DYK_627,"('D', 510)",N4,T,"(-18.383, -14.839, -28.425)","('VAL', 621)",O,M,"(-17.71, -13.954, -30.86)",2.677
8SSP_5DYK_627,"('D', 510)",N4,T,"(-18.383, -14.839, -28.425)","('VAL', 621)",CB,M,"(-16.003, -15.661, -29.074)",2.6
8SSP_5DYK_627,"('D', 510)",N4,T,"(-18.383, -14.839, -28.425)","('VAL', 621)",CG1,M,"(-15.154, -16.356, -30.131)",3.955
8SSP_5DYK_627,"('D', 510)",N4,T,"(-18.383, -14.839, -28.425)","('VAL', 621)",CG2,M,"(-15.541, -16.044, -27.67)",3.178
8SSP_5DYK_627,"('D', 510)",N4,T,"(-18.383, -14.839, -28.425)","('THR', 622)",N,M,"(-15.689, -13.166, -31.46)",4.39
8SSP_5DYK_627,"('D', 510)",N4,T,"(-18.383, -14.839, -28.425)","('LEU', 671)",CD1,M,"(-18.466, -18.503, -29.648)",3.864
8SSP_5DYK_627,"('D', 510)",N5,T,"(-19.446, -15.019, -30.56)","('ILE', 547)",CD1,M,"(-23.205, -12.456, -28.73)",4.904
8SSP_5DYK_627,"('D', 510)",N5,T,"(-19.446, -15.019, -30.56)","('LEU', 620)",CD1,M,"(-19.614, -10.792, -28.131)",4.878
8SSP_5DYK_627,"('D', 510)",N5,T,"(-19.446, -15.019, -30.56)","('VAL', 621)",N,M,"(-16.712, -13.449, -28.217)",3.928
8SSP_5DYK_627,"('D', 510)",N5,T,"(-19.446, -15.019, -30.56)","('VAL', 621)",CA,M,"(-15.946, -14.136, -29.256)",3.838
8SSP_5DYK_627,"('D', 510)",N5,T,"(-19.446, -15.019, -30.56)","('VAL', 621)",C,M,"(-16.528, -13.738, -30.603)",3.187
8SSP_5DYK_627,"('D', 510)",N5,T,"(-19.446, -15.019, -30.56)","('VAL', 621)",O,M,"(-17.71, -13.954, -30.86)",2.059
8SSP_5DYK_627,"('D', 510)",N5,T,"(-19.446, -15.019, -30.56)","('VAL', 621)",CB,M,"(-16.003, -15.661, -29.074)",3.805
8SSP_5DYK_627,"('D', 510)",N5,T,"(-19.446, -15.019, -30.56)","('VAL', 621)",CG1,M,"(-15.154, -16.356, -30.131)",4.516
8SSP_5DYK_627,"('D', 510)",N5,T,"(-19.446, -15.019, -30.56)","('VAL', 621)",CG2,M,"(-15.541, -16.044, -27.67)",4.965
8SSP_5DYK_627,"('D', 510)",N5,T,"(-19.446, -15.019, -30.56)","('THR', 622)",N,M,"(-15.689, -13.166, -31.46)",4.285
8SSP_5DYK_627,"('D', 510)",N5,T,"(-19.446, -15.019, -30.56)","('THR', 622)",CA,M,"(-16.159, -12.433, -32.643)",4.672
8SSP_5DYK_627,"('D', 510)",N5,T,"(-19.446, -15.019, -30.56)","('LEU', 671)",CG,M,"(-18.073, -19.684, -30.526)",4.863
8SSP_5DYK_627,"('D', 510)",N5,T,"(-19.446, -15.019, -30.56)","('LEU', 671)",CD1,M,"(-18.466, -18.503, -29.648)",3.732
8SSP_5DYK_627,"('D', 510)",N5,T,"(-19.446, -15.019, -30.56)","('TYR', 822)",CG,M,"(-21.989, -12.057, -33.204)",4.715
8SSP_5DYK_627,"('D', 510)",N5,T,"(-19.446, -15.019, -30.56)","('TYR', 822)",CD1,M,"(-21.005, -12.432, -32.279)",3.475
8SSP_5DYK_627,"('D', 510)",N5,T,"(-19.446, -15.019, -30.56)","('TYR', 822)",CE1,M,"(-20.018, -11.537, -31.88)",3.767
8SSP_5DYK_627,"('D', 510)",C6,T,"(-20.575, -14.935, -31.324)","('ILE', 547)",CD1,M,"(-23.205, -12.456, -28.73)",4.449
8SSP_5DYK_627,"('D', 510)",C6,T,"(-20.575, -14.935, -31.324)","('VAL', 621)",C,M,"(-16.528, -13.738, -30.603)",4.281
8SSP_5DYK_627,"('D', 510)",C6,T,"(-20.575, -14.935, -31.324)","('VAL', 621)",O,M,"(-17.71, -13.954, -30.86)",3.064
8SSP_5DYK_627,"('D', 510)",C6,T,"(-20.575, -14.935, -31.324)","('LEU', 671)",CD1,M,"(-18.466, -18.503, -29.648)",4.471
8SSP_5DYK_627,"('D', 510)",C6,T,"(-20.575, -14.935, -31.324)","('THR', 821)",O,M,"(-19.902, -14.002, -35.454)",4.287
8SSP_5DYK_627,"('D', 510)",C6,T,"(-20.575, -14.935, -31.324)","('TYR', 822)",CA,M,"(-22.672, -13.944, -34.815)",4.191
8SSP_5DYK_627,"('D', 510)",C6,T,"(-20.575, -14.935, -31.324)","('TYR', 822)",CB,M,"(-23.066, -13.029, -33.641)",3.9
8SSP_5DYK_627,"('D', 510)",C6,T,"(-20.575, -14.935, -31.324)","('TYR', 822)",CG,M,"(-21.989, -12.057, -33.204)",3.717
8SSP_5DYK_627,"('D', 510)",C6,T,"(-20.575, -14.935, -31.324)","('TYR', 822)",CD1,M,"(-21.005, -12.432, -32.279)",2.713
8SSP_5DYK_627,"('D', 510)",C6,T,"(-20.575, -14.935, -31.324)","('TYR', 822)",CE1,M,"(-20.018, -11.537, -31.88)",3.488
8SSP_5DYK_627,"('D', 510)",C6,T,"(-20.575, -14.935, -31.324)","('TYR', 822)",CZ,M,"(-20.007, -10.249, -32.41)",4.844
8SSP_5DYK_627,"('D', 510)",C7,T,"(-20.415, -14.584, -32.756)","('VAL', 621)",C,M,"(-16.528, -13.738, -30.603)",4.523
8SSP_5DYK_627,"('D', 510)",C7,T,"(-20.415, -14.584, -32.756)","('VAL', 621)",O,M,"(-17.71, -13.954, -30.86)",3.363
8SSP_5DYK_627,"('D', 510)",C7,T,"(-20.415, -14.584, -32.756)","('THR', 622)",CA,M,"(-16.159, -12.433, -32.643)",4.77
8SSP_5DYK_627,"('D', 510)",C7,T,"(-20.415, -14.584, -32.756)","('THR', 622)",C,M,"(-15.884, -13.09, -34.002)",4.931
8SSP_5DYK_627,"('D', 510)",C7,T,"(-20.415, -14.584, -32.756)","('THR', 622)",O,M,"(-16.441, -12.652, -35.007)",4.959
8SSP_5DYK_627,"('D', 510)",C7,T,"(-20.415, -14.584, -32.756)","('GLY', 624)",N,M,"(-16.759, -15.953, -35.342)",4.683
8SSP_5DYK_627,"('D', 510)",C7,T,"(-20.415, -14.584, -32.756)","('GLY', 624)",CA,M,"(-17.786, -16.844, -35.898)",4.679
8SSP_5DYK_627,"('D', 510)",C7,T,"(-20.415, -14.584, -32.756)","('THR', 821)",C,M,"(-20.664, -13.288, -36.112)",3.606
8SSP_5DYK_627,"('D', 510)",C7,T,"(-20.415, -14.584, -32.756)","('THR', 821)",O,M,"(-19.902, -14.002, -35.454)",2.807
8SSP_5DYK_627,"('D', 510)",C7,T,"(-20.415, -14.584, -32.756)","('TYR', 822)",N,M,"(-21.973, -13.176, -35.862)",3.749
8SSP_5DYK_627,"('D', 510)",C7,T,"(-20.415, -14.584, -32.756)","('TYR', 822)",CA,M,"(-22.672, -13.944, -34.815)",3.121
8SSP_5DYK_627,"('D', 510)",C7,T,"(-20.415, -14.584, -32.756)","('TYR', 822)",C,M,"(-23.938, -14.594, -35.389)",4.398
8SSP_5DYK_627,"('D', 510)",C7,T,"(-20.415, -14.584, -32.756)","('TYR', 822)",CB,M,"(-23.066, -13.029, -33.641)",3.198
8SSP_5DYK_627,"('D', 510)",C7,T,"(-20.415, -14.584, -32.756)","('TYR', 822)",CG,M,"(-21.989, -12.057, -33.204)",3.011
8SSP_5DYK_627,"('D', 510)",C7,T,"(-20.415, -14.584, -32.756)","('TYR', 822)",CD1,M,"(-21.005, -12.432, -32.279)",2.282
8SSP_5DYK_627,"('D', 510)",C7,T,"(-20.415, -14.584, -32.756)","('TYR', 822)",CD2,M,"(-21.953, -10.759, -33.716)",4.233
8SSP_5DYK_627,"('D', 510)",C7,T,"(-20.415, -14.584, -32.756)","('TYR', 822)",CE1,M,"(-20.018, -11.537, -31.88)",3.195
8SSP_5DYK_627,"('D', 510)",C7,T,"(-20.415, -14.584, -32.756)","('TYR', 822)",CE2,M,"(-20.972, -9.858, -33.326)",4.793
8SSP_5DYK_627,"('D', 510)",C7,T,"(-20.415, -14.584, -32.756)","('TYR', 822)",CZ,M,"(-20.007, -10.249, -32.41)",4.368
8SSP_5DYK_627,"('D', 510)",C7,T,"(-20.415, -14.584, -32.756)","('ALA', 823)",N,M,"(-24.343, -15.722, -34.805)",4.574
8SSP_5DYK_627,"('D', 510)",O8,T,"(-21.693, -15.114, -30.877)","('ILE', 547)",O,M,"(-26.027, -15.172, -30.521)",4.349
8SSP_5DYK_627,"('D', 510)",O8,T,"(-21.693, -15.114, -30.877)","('ILE', 547)",CB,M,"(-25.17, -12.471, -30.377)",4.396
8SSP_5DYK_627,"('D', 510)",O8,T,"(-21.693, -15.114, -30.877)","('ILE', 547)",CG1,M,"(-24.699, -12.614, -28.918)",4.373
8SSP_5DYK_627,"('D', 510)",O8,T,"(-21.693, -15.114, -30.877)","('ILE', 547)",CD1,M,"(-23.205, -12.456, -28.73)",3.736
8SSP_5DYK_627,"('D', 510)",O8,T,"(-21.693, -15.114, -30.877)","('VAL', 621)",O,M,"(-17.71, -13.954, -30.86)",4.149
8SSP_5DYK_627,"('D', 510)",O8,T,"(-21.693, -15.114, -30.877)","('LEU', 671)",CD1,M,"(-18.466, -18.503, -29.648)",4.838
8SSP_5DYK_627,"('D', 510)",O8,T,"(-21.693, -15.114, -30.877)","('TYR', 822)",CA,M,"(-22.672, -13.944, -34.815)",4.223
8SSP_5DYK_627,"('D', 510)",O8,T,"(-21.693, -15.114, -30.877)","('TYR', 822)",CB,M,"(-23.066, -13.029, -33.641)",3.725
8SSP_5DYK_627,"('D', 510)",O8,T,"(-21.693, -15.114, -30.877)","('TYR', 822)",CG,M,"(-21.989, -12.057, -33.204)",3.853
8SSP_5DYK_627,"('D', 510)",O8,T,"(-21.693, -15.114, -30.877)","('TYR', 822)",CD1,M,"(-21.005, -12.432, -32.279)",3.104
8SSP_5DYK_627,"('D', 510)",O8,T,"(-21.693, -15.114, -30.877)","('TYR', 822)",CE1,M,"(-20.018, -11.537, -31.88)",4.075
8SSP_5DYK_627,"('D', 510)",O8,T,"(-21.693, -15.114, -30.877)","('ALA', 823)",N,M,"(-24.343, -15.722, -34.805)",4.777
8SSP_5DYK_627,"('D', 510)",C9,T,"(-19.249, -13.955, -33.194)","('VAL', 621)",C,M,"(-16.528, -13.738, -30.603)",3.764
8SSP_5DYK_627,"('D', 510)",C9,T,"(-19.249, -13.955, -33.194)","('VAL', 621)",O,M,"(-17.71, -13.954, -30.86)",2.796
8SSP_5DYK_627,"('D', 510)",C9,T,"(-19.249, -13.955, -33.194)","('THR', 622)",N,M,"(-15.689, -13.166, -31.46)",4.038
8SSP_5DYK_627,"('D', 510)",C9,T,"(-19.249, -13.955, -33.194)","('THR', 622)",CA,M,"(-16.159, -12.433, -32.643)",3.488
8SSP_5DYK_627,"('D', 510)",C9,T,"(-19.249, -13.955, -33.194)","('THR', 622)",C,M,"(-15.884, -13.09, -34.002)",3.567
8SSP_5DYK_627,"('D', 510)",C9,T,"(-19.249, -13.955, -33.194)","('THR', 622)",O,M,"(-16.441, -12.652, -35.007)",3.587
8SSP_5DYK_627,"('D', 510)",C9,T,"(-19.249, -13.955, -33.194)","('THR', 622)",CB,M,"(-15.557, -11.01, -32.659)",4.753
8SSP_5DYK_627,"('D', 510)",C9,T,"(-19.249, -13.955, -33.194)","('GLY', 623)",N,M,"(-15.053, -14.131, -34.042)",4.284
8SSP_5DYK_627,"('D', 510)",C9,T,"(-19.249, -13.955, -33.194)","('GLY', 623)",C,M,"(-15.615, -15.688, -35.975)",4.893
8SSP_5DYK_627,"('D', 510)",C9,T,"(-19.249, -13.955, -33.194)","('GLY', 624)",N,M,"(-16.759, -15.953, -35.342)",3.848
8SSP_5DYK_627,"('D', 510)",C9,T,"(-19.249, -13.955, -33.194)","('GLY', 624)",CA,M,"(-17.786, -16.844, -35.898)",4.219
8SSP_5DYK_627,"('D', 510)",C9,T,"(-19.249, -13.955, -33.194)","('THR', 821)",N,M,"(-18.92, -11.721, -36.935)",4.37
8SSP_5DYK_627,"('D', 510)",C9,T,"(-19.249, -13.955, -33.194)","('THR', 821)",CA,M,"(-20.131, -12.474, -37.296)",4.449
8SSP_5DYK_627,"('D', 510)",C9,T,"(-19.249, -13.955, -33.194)","('THR', 821)",C,M,"(-20.664, -13.288, -36.112)",3.311
8SSP_5DYK_627,"('D', 510)",C9,T,"(-19.249, -13.955, -33.194)","('THR', 821)",O,M,"(-19.902, -14.002, -35.454)",2.353
8SSP_5DYK_627,"('D', 510)",C9,T,"(-19.249, -13.955, -33.194)","('TYR', 822)",N,M,"(-21.973, -13.176, -35.862)",3.892
8SSP_5DYK_627,"('D', 510)",C9,T,"(-19.249, -13.955, -33.194)","('TYR', 822)",CA,M,"(-22.672, -13.944, -34.815)",3.787
8SSP_5DYK_627,"('D', 510)",C9,T,"(-19.249, -13.955, -33.194)","('TYR', 822)",CB,M,"(-23.066, -13.029, -33.641)",3.953
8SSP_5DYK_627,"('D', 510)",C9,T,"(-19.249, -13.955, -33.194)","('TYR', 822)",CG,M,"(-21.989, -12.057, -33.204)",3.333
8SSP_5DYK_627,"('D', 510)",C9,T,"(-19.249, -13.955, -33.194)","('TYR', 822)",CD1,M,"(-21.005, -12.432, -32.279)",2.498
8SSP_5DYK_627,"('D', 510)",C9,T,"(-19.249, -13.955, -33.194)","('TYR', 822)",CD2,M,"(-21.953, -10.759, -33.716)",4.219
8SSP_5DYK_627,"('D', 510)",C9,T,"(-19.249, -13.955, -33.194)","('TYR', 822)",CE1,M,"(-20.018, -11.537, -31.88)",2.857
8SSP_5DYK_627,"('D', 510)",C9,T,"(-19.249, -13.955, -33.194)","('TYR', 822)",CE2,M,"(-20.972, -9.858, -33.326)",4.447
8SSP_5DYK_627,"('D', 510)",C9,T,"(-19.249, -13.955, -33.194)","('TYR', 822)",CZ,M,"(-20.007, -10.249, -32.41)",3.863
8SSP_5DYK_627,"('D', 510)",C9,T,"(-19.249, -13.955, -33.194)","('TYR', 822)",OH,M,"(-19.043, -9.342, -32.032)",4.762
8SSP_5DYK_627,"('D', 510)",C10,T,"(-19.071, -13.6, -34.519)","('VAL', 621)",C,M,"(-16.528, -13.738, -30.603)",4.671
8SSP_5DYK_627,"('D', 510)",C10,T,"(-19.071, -13.6, -34.519)","('VAL', 621)",O,M,"(-17.71, -13.954, -30.86)",3.92
8SSP_5DYK_627,"('D', 510)",C10,T,"(-19.071, -13.6, -34.519)","('THR', 622)",N,M,"(-15.689, -13.166, -31.46)",4.581
8SSP_5DYK_627,"('D', 510)",C10,T,"(-19.071, -13.6, -34.519)","('THR', 622)",CA,M,"(-16.159, -12.433, -32.643)",3.655
8SSP_5DYK_627,"('D', 510)",C10,T,"(-19.071, -13.6, -34.519)","('THR', 622)",C,M,"(-15.884, -13.09, -34.002)",3.269
8SSP_5DYK_627,"('D', 510)",C10,T,"(-19.071, -13.6, -34.519)","('THR', 622)",O,M,"(-16.441, -12.652, -35.007)",2.838
8SSP_5DYK_627,"('D', 510)",C10,T,"(-19.071, -13.6, -34.519)","('THR', 622)",CB,M,"(-15.557, -11.01, -32.659)",4.745
8SSP_5DYK_627,"('D', 510)",C10,T,"(-19.071, -13.6, -34.519)","('GLY', 623)",N,M,"(-15.053, -14.131, -34.042)",4.081
8SSP_5DYK_627,"('D', 510)",C10,T,"(-19.071, -13.6, -34.519)","('GLY', 623)",CA,M,"(-14.636, -14.736, -35.308)",4.646
8SSP_5DYK_627,"('D', 510)",C10,T,"(-19.071, -13.6, -34.519)","('GLY', 623)",C,M,"(-15.615, -15.688, -35.975)",4.292
8SSP_5DYK_627,"('D', 510)",C10,T,"(-19.071, -13.6, -34.519)","('GLY', 624)",N,M,"(-16.759, -15.953, -35.342)",3.4
8SSP_5DYK_627,"('D', 510)",C10,T,"(-19.071, -13.6, -34.519)","('GLY', 624)",CA,M,"(-17.786, -16.844, -35.898)",3.752
8SSP_5DYK_627,"('D', 510)",C10,T,"(-19.071, -13.6, -34.519)","('GLY', 624)",C,M,"(-17.663, -18.272, -35.395)",4.958
8SSP_5DYK_627,"('D', 510)",C10,T,"(-19.071, -13.6, -34.519)","('GLU', 820)",CA,M,"(-17.347, -9.862, -36.923)",4.767
8SSP_5DYK_627,"('D', 510)",C10,T,"(-19.071, -13.6, -34.519)","('GLU', 820)",C,M,"(-18.662, -10.488, -37.388)",4.252
8SSP_5DYK_627,"('D', 510)",C10,T,"(-19.071, -13.6, -34.519)","('THR', 821)",N,M,"(-18.92, -11.721, -36.935)",3.064
8SSP_5DYK_627,"('D', 510)",C10,T,"(-19.071, -13.6, -34.519)","('THR', 821)",CA,M,"(-20.131, -12.474, -37.296)",3.179
8SSP_5DYK_627,"('D', 510)",C10,T,"(-19.071, -13.6, -34.519)","('THR', 821)",C,M,"(-20.664, -13.288, -36.112)",2.274
8SSP_5DYK_627,"('D', 510)",C10,T,"(-19.071, -13.6, -34.519)","('THR', 821)",O,M,"(-19.902, -14.002, -35.454)",1.314
8SSP_5DYK_627,"('D', 510)",C10,T,"(-19.071, -13.6, -34.519)","('THR', 821)",CB,M,"(-19.869, -13.454, -38.464)",4.028
8SSP_5DYK_627,"('D', 510)",C10,T,"(-19.071, -13.6, -34.519)","('THR', 821)",OG1,M,"(-18.677, -14.208, -38.213)",3.764
8SSP_5DYK_627,"('D', 510)",C10,T,"(-19.071, -13.6, -34.519)","('TYR', 822)",N,M,"(-21.973, -13.176, -35.862)",3.226
8SSP_5DYK_627,"('D', 510)",C10,T,"(-19.071, -13.6, -34.519)","('TYR', 822)",CA,M,"(-22.672, -13.944, -34.815)",3.629
8SSP_5DYK_627,"('D', 510)",C10,T,"(-19.071, -13.6, -34.519)","('TYR', 822)",CB,M,"(-23.066, -13.029, -33.641)",4.13
8SSP_5DYK_627,"('D', 510)",C10,T,"(-19.071, -13.6, -34.519)","('TYR', 822)",CG,M,"(-21.989, -12.057, -33.204)",3.553
8SSP_5DYK_627,"('D', 510)",C10,T,"(-19.071, -13.6, -34.519)","('TYR', 822)",CD1,M,"(-21.005, -12.432, -32.279)",3.182
8SSP_5DYK_627,"('D', 510)",C10,T,"(-19.071, -13.6, -34.519)","('TYR', 822)",CD2,M,"(-21.953, -10.759, -33.716)",4.126
8SSP_5DYK_627,"('D', 510)",C10,T,"(-19.071, -13.6, -34.519)","('TYR', 822)",CE1,M,"(-20.018, -11.537, -31.88)",3.481
8SSP_5DYK_627,"('D', 510)",C10,T,"(-19.071, -13.6, -34.519)","('TYR', 822)",CE2,M,"(-20.972, -9.858, -33.326)",4.363
8SSP_5DYK_627,"('D', 510)",C10,T,"(-19.071, -13.6, -34.519)","('TYR', 822)",CZ,M,"(-20.007, -10.249, -32.41)",4.069
8SSP_5DYK_627,"('D', 510)",C10,T,"(-19.071, -13.6, -34.519)","('TYR', 822)",OH,M,"(-19.043, -9.342, -32.032)",4.931
8SSP_5DYK_627,"('D', 510)",C11,T,"(-21.239, -14.485, -35.031)","('GLY', 624)",N,M,"(-16.759, -15.953, -35.342)",4.725
8SSP_5DYK_627,"('D', 510)",C11,T,"(-21.239, -14.485, -35.031)","('GLY', 624)",CA,M,"(-17.786, -16.844, -35.898)",4.271
8SSP_5DYK_627,"('D', 510)",C11,T,"(-21.239, -14.485, -35.031)","('THR', 821)",N,M,"(-18.92, -11.721, -36.935)",4.08
8SSP_5DYK_627,"('D', 510)",C11,T,"(-21.239, -14.485, -35.031)","('THR', 821)",CA,M,"(-20.131, -12.474, -37.296)",3.225
8SSP_5DYK_627,"('D', 510)",C11,T,"(-21.239, -14.485, -35.031)","('THR', 821)",C,M,"(-20.664, -13.288, -36.112)",1.712
8SSP_5DYK_627,"('D', 510)",C11,T,"(-21.239, -14.485, -35.031)","('THR', 821)",O,M,"(-19.902, -14.002, -35.454)",1.483
8SSP_5DYK_627,"('D', 510)",C11,T,"(-21.239, -14.485, -35.031)","('THR', 821)",CB,M,"(-19.869, -13.454, -38.464)",3.837
8SSP_5DYK_627,"('D', 510)",C11,T,"(-21.239, -14.485, -35.031)","('THR', 821)",OG1,M,"(-18.677, -14.208, -38.213)",4.095
8SSP_5DYK_627,"('D', 510)",C11,T,"(-21.239, -14.485, -35.031)","('TYR', 822)",N,M,"(-21.973, -13.176, -35.862)",1.715
8SSP_5DYK_627,"('D', 510)",C11,T,"(-21.239, -14.485, -35.031)","('TYR', 822)",CA,M,"(-22.672, -13.944, -34.815)",1.547
8SSP_5DYK_627,"('D', 510)",C11,T,"(-21.239, -14.485, -35.031)","('TYR', 822)",C,M,"(-23.938, -14.594, -35.389)",2.725
8SSP_5DYK_627,"('D', 510)",C11,T,"(-21.239, -14.485, -35.031)","('TYR', 822)",O,M,"(-24.543, -14.063, -36.327)",3.574
8SSP_5DYK_627,"('D', 510)",C11,T,"(-21.239, -14.485, -35.031)","('TYR', 822)",CB,M,"(-23.066, -13.029, -33.641)",2.718
8SSP_5DYK_627,"('D', 510)",C11,T,"(-21.239, -14.485, -35.031)","('TYR', 822)",CG,M,"(-21.989, -12.057, -33.204)",3.13
8SSP_5DYK_627,"('D', 510)",C11,T,"(-21.239, -14.485, -35.031)","('TYR', 822)",CD1,M,"(-21.005, -12.432, -32.279)",3.441
8SSP_5DYK_627,"('D', 510)",C11,T,"(-21.239, -14.485, -35.031)","('TYR', 822)",CD2,M,"(-21.953, -10.759, -33.716)",4.015
8SSP_5DYK_627,"('D', 510)",C11,T,"(-21.239, -14.485, -35.031)","('TYR', 822)",CE1,M,"(-20.018, -11.537, -31.88)",4.484
8SSP_5DYK_627,"('D', 510)",C11,T,"(-21.239, -14.485, -35.031)","('TYR', 822)",CE2,M,"(-20.972, -9.858, -33.326)",4.938
8SSP_5DYK_627,"('D', 510)",C11,T,"(-21.239, -14.485, -35.031)","('ALA', 823)",N,M,"(-24.343, -15.722, -34.805)",3.349
8SSP_5DYK_627,"('D', 510)",C11,T,"(-21.239, -14.485, -35.031)","('ALA', 823)",CA,M,"(-25.546, -16.456, -35.239)",4.741
8SSP_5DYK_627,"('D', 510)",C12,T,"(-21.402, -14.83, -33.708)","('VAL', 621)",O,M,"(-17.71, -13.954, -30.86)",4.744
8SSP_5DYK_627,"('D', 510)",C12,T,"(-21.402, -14.83, -33.708)","('GLY', 624)",CA,M,"(-17.786, -16.844, -35.898)",4.683
8SSP_5DYK_627,"('D', 510)",C12,T,"(-21.402, -14.83, -33.708)","('THR', 821)",CA,M,"(-20.131, -12.474, -37.296)",4.477
8SSP_5DYK_627,"('D', 510)",C12,T,"(-21.402, -14.83, -33.708)","('THR', 821)",C,M,"(-20.664, -13.288, -36.112)",2.95
8SSP_5DYK_627,"('D', 510)",C12,T,"(-21.402, -14.83, -33.708)","('THR', 821)",O,M,"(-19.902, -14.002, -35.454)",2.446
8SSP_5DYK_627,"('D', 510)",C12,T,"(-21.402, -14.83, -33.708)","('TYR', 822)",N,M,"(-21.973, -13.176, -35.862)",2.775
8SSP_5DYK_627,"('D', 510)",C12,T,"(-21.402, -14.83, -33.708)","('TYR', 822)",CA,M,"(-22.672, -13.944, -34.815)",1.904
8SSP_5DYK_627,"('D', 510)",C12,T,"(-21.402, -14.83, -33.708)","('TYR', 822)",C,M,"(-23.938, -14.594, -35.389)",3.052
8SSP_5DYK_627,"('D', 510)",C12,T,"(-21.402, -14.83, -33.708)","('TYR', 822)",O,M,"(-24.543, -14.063, -36.327)",4.161
8SSP_5DYK_627,"('D', 510)",C12,T,"(-21.402, -14.83, -33.708)","('TYR', 822)",CB,M,"(-23.066, -13.029, -33.641)",2.453
8SSP_5DYK_627,"('D', 510)",C12,T,"(-21.402, -14.83, -33.708)","('TYR', 822)",CG,M,"(-21.989, -12.057, -33.204)",2.879
8SSP_5DYK_627,"('D', 510)",C12,T,"(-21.402, -14.83, -33.708)","('TYR', 822)",CD1,M,"(-21.005, -12.432, -32.279)",2.82
8SSP_5DYK_627,"('D', 510)",C12,T,"(-21.402, -14.83, -33.708)","('TYR', 822)",CD2,M,"(-21.953, -10.759, -33.716)",4.108
8SSP_5DYK_627,"('D', 510)",C12,T,"(-21.402, -14.83, -33.708)","('TYR', 822)",CE1,M,"(-20.018, -11.537, -31.88)",4.013
8SSP_5DYK_627,"('D', 510)",C12,T,"(-21.402, -14.83, -33.708)","('TYR', 822)",CZ,M,"(-20.007, -10.249, -32.41)",4.961
8SSP_5DYK_627,"('D', 510)",C12,T,"(-21.402, -14.83, -33.708)","('ALA', 823)",N,M,"(-24.343, -15.722, -34.805)",3.263
8SSP_5DYK_627,"('D', 510)",C12,T,"(-21.402, -14.83, -33.708)","('ALA', 823)",CA,M,"(-25.546, -16.456, -35.239)",4.708
8SSP_5DYK_627,"('D', 510)",C13,T,"(-19.722, -16.088, -27.184)","('ALA', 568)",CB,M,"(-21.017, -12.777, -24.604)",4.393
8SSP_5DYK_627,"('D', 510)",C13,T,"(-19.722, -16.088, -27.184)","('ILE', 602)",CD1,M,"(-16.257, -17.428, -24.684)",4.478
8SSP_5DYK_627,"('D', 510)",C13,T,"(-19.722, -16.088, -27.184)","('THR', 618)",OG1,M,"(-19.245, -15.046, -22.548)",4.776
8SSP_5DYK_627,"('D', 510)",C13,T,"(-19.722, -16.088, -27.184)","('GLU', 619)",O,M,"(-17.081, -13.931, -24.631)",4.26
8SSP_5DYK_627,"('D', 510)",C13,T,"(-19.722, -16.088, -27.184)","('VAL', 621)",N,M,"(-16.712, -13.449, -28.217)",4.134
8SSP_5DYK_627,"('D', 510)",C13,T,"(-19.722, -16.088, -27.184)","('VAL', 621)",CA,M,"(-15.946, -14.136, -29.256)",4.729
8SSP_5DYK_627,"('D', 510)",C13,T,"(-19.722, -16.088, -27.184)","('VAL', 621)",O,M,"(-17.71, -13.954, -30.86)",4.703
8SSP_5DYK_627,"('D', 510)",C13,T,"(-19.722, -16.088, -27.184)","('VAL', 621)",CB,M,"(-16.003, -15.661, -29.074)",4.193
8SSP_5DYK_627,"('D', 510)",C13,T,"(-19.722, -16.088, -27.184)","('VAL', 621)",CG2,M,"(-15.541, -16.044, -27.67)",4.209
8SSP_5DYK_627,"('D', 510)",C13,T,"(-19.722, -16.088, -27.184)","('LEU', 671)",CD1,M,"(-18.466, -18.503, -29.648)",3.672
8SSP_5DYK_627,"('D', 510)",C14,T,"(-20.229, -16.113, -28.445)","('ILE', 547)",CD1,M,"(-23.205, -12.456, -28.73)",4.723
8SSP_5DYK_627,"('D', 510)",C14,T,"(-20.229, -16.113, -28.445)","('VAL', 621)",N,M,"(-16.712, -13.449, -28.217)",4.418
8SSP_5DYK_627,"('D', 510)",C14,T,"(-20.229, -16.113, -28.445)","('VAL', 621)",CA,M,"(-15.946, -14.136, -29.256)",4.786
8SSP_5DYK_627,"('D', 510)",C14,T,"(-20.229, -16.113, -28.445)","('VAL', 621)",C,M,"(-16.528, -13.738, -30.603)",4.898
8SSP_5DYK_627,"('D', 510)",C14,T,"(-20.229, -16.113, -28.445)","('VAL', 621)",O,M,"(-17.71, -13.954, -30.86)",4.104
8SSP_5DYK_627,"('D', 510)",C14,T,"(-20.229, -16.113, -28.445)","('VAL', 621)",CB,M,"(-16.003, -15.661, -29.074)",4.296
8SSP_5DYK_627,"('D', 510)",C14,T,"(-20.229, -16.113, -28.445)","('VAL', 621)",CG2,M,"(-15.541, -16.044, -27.67)",4.752
8SSP_5DYK_627,"('D', 510)",C14,T,"(-20.229, -16.113, -28.445)","('LEU', 671)",CG,M,"(-18.073, -19.684, -30.526)",4.662
8SSP_5DYK_627,"('D', 510)",C14,T,"(-20.229, -16.113, -28.445)","('LEU', 671)",CD1,M,"(-18.466, -18.503, -29.648)",3.204
8SSP_5DYK_627,"('D', 510)",C15,T,"(-21.456, -16.953, -28.494)","('ILE', 547)",CD1,M,"(-23.205, -12.456, -28.73)",4.831
8SSP_5DYK_627,"('D', 510)",C15,T,"(-21.456, -16.953, -28.494)","('LEU', 671)",CG,M,"(-18.073, -19.684, -30.526)",4.799
8SSP_5DYK_627,"('D', 510)",C15,T,"(-21.456, -16.953, -28.494)","('LEU', 671)",CD1,M,"(-18.466, -18.503, -29.648)",3.56
8SSP_5DYK_627,"('D', 510)",C15,T,"(-21.456, -16.953, -28.494)","('LEU', 671)",CD2,M,"(-19.136, -19.948, -31.58)",4.886
8SSP_5DYK_627,"('D', 510)",C15,T,"(-21.456, -16.953, -28.494)","('ILE', 681)",CD1,M,"(-20.593, -21.692, -28.145)",4.83
8SSP_5DYK_627,"('D', 510)",C16,T,"(-20.512, -16.879, -26.208)","('VAL', 555)",CG1,M,"(-24.813, -14.506, -25.704)",4.938
8SSP_5DYK_627,"('D', 510)",C16,T,"(-20.512, -16.879, -26.208)","('ALA', 568)",CB,M,"(-21.017, -12.777, -24.604)",4.433
8SSP_5DYK_627,"('D', 510)",C16,T,"(-20.512, -16.879, -26.208)","('ILE', 602)",CD1,M,"(-16.257, -17.428, -24.684)",4.553
8SSP_5DYK_627,"('D', 510)",C16,T,"(-20.512, -16.879, -26.208)","('THR', 618)",OG1,M,"(-19.245, -15.046, -22.548)",4.285
8SSP_5DYK_627,"('D', 510)",C16,T,"(-20.512, -16.879, -26.208)","('GLU', 619)",O,M,"(-17.081, -13.931, -24.631)",4.791
8SSP_5DYK_627,"('D', 510)",C16,T,"(-20.512, -16.879, -26.208)","('LEU', 671)",CD1,M,"(-18.466, -18.503, -29.648)",4.319
8SSP_5DYK_627,"('D', 510)",C16,T,"(-20.512, -16.879, -26.208)","('ILE', 681)",CG2,M,"(-17.822, -20.818, -26.754)",4.801
8SSP_5DYK_627,"('D', 510)",N17,T,"(-19.925, -13.513, -36.813)","('THR', 622)",C,M,"(-15.884, -13.09, -34.002)",4.941
8SSP_5DYK_627,"('D', 510)",N17,T,"(-19.925, -13.513, -36.813)","('THR', 622)",O,M,"(-16.441, -12.652, -35.007)",4.018
8SSP_5DYK_627,"('D', 510)",N17,T,"(-19.925, -13.513, -36.813)","('GLY', 623)",C,M,"(-15.615, -15.688, -35.975)",4.9
8SSP_5DYK_627,"('D', 510)",N17,T,"(-19.925, -13.513, -36.813)","('GLY', 624)",N,M,"(-16.759, -15.953, -35.342)",4.259
8SSP_5DYK_627,"('D', 510)",N17,T,"(-19.925, -13.513, -36.813)","('GLY', 624)",CA,M,"(-17.786, -16.844, -35.898)",4.063
8SSP_5DYK_627,"('D', 510)",N17,T,"(-19.925, -13.513, -36.813)","('GLU', 820)",CA,M,"(-17.347, -9.862, -36.923)",4.471
8SSP_5DYK_627,"('D', 510)",N17,T,"(-19.925, -13.513, -36.813)","('GLU', 820)",C,M,"(-18.662, -10.488, -37.388)",3.328
8SSP_5DYK_627,"('D', 510)",N17,T,"(-19.925, -13.513, -36.813)","('GLU', 820)",O,M,"(-19.425, -9.857, -38.131)",3.918
8SSP_5DYK_627,"('D', 510)",N17,T,"(-19.925, -13.513, -36.813)","('THR', 821)",N,M,"(-18.92, -11.721, -36.935)",2.058
8SSP_5DYK_627,"('D', 510)",N17,T,"(-19.925, -13.513, -36.813)","('THR', 821)",CA,M,"(-20.131, -12.474, -37.296)",1.164
8SSP_5DYK_627,"('D', 510)",N17,T,"(-19.925, -13.513, -36.813)","('THR', 821)",C,M,"(-20.664, -13.288, -36.112)",1.043
8SSP_5DYK_627,"('D', 510)",N17,T,"(-19.925, -13.513, -36.813)","('THR', 821)",O,M,"(-19.902, -14.002, -35.454)",1.444
8SSP_5DYK_627,"('D', 510)",N17,T,"(-19.925, -13.513, -36.813)","('THR', 821)",CB,M,"(-19.869, -13.454, -38.464)",1.653
8SSP_5DYK_627,"('D', 510)",N17,T,"(-19.925, -13.513, -36.813)","('THR', 821)",OG1,M,"(-18.677, -14.208, -38.213)",2.0
8SSP_5DYK_627,"('D', 510)",N17,T,"(-19.925, -13.513, -36.813)","('THR', 821)",CG2,M,"(-19.729, -12.702, -39.786)",3.088
8SSP_5DYK_627,"('D', 510)",N17,T,"(-19.925, -13.513, -36.813)","('TYR', 822)",N,M,"(-21.973, -13.176, -35.862)",2.283
8SSP_5DYK_627,"('D', 510)",N17,T,"(-19.925, -13.513, -36.813)","('TYR', 822)",CA,M,"(-22.672, -13.944, -34.815)",3.424
8SSP_5DYK_627,"('D', 510)",N17,T,"(-19.925, -13.513, -36.813)","('TYR', 822)",C,M,"(-23.938, -14.594, -35.389)",4.393
8SSP_5DYK_627,"('D', 510)",N17,T,"(-19.925, -13.513, -36.813)","('TYR', 822)",O,M,"(-24.543, -14.063, -36.327)",4.676
8SSP_5DYK_627,"('D', 510)",N17,T,"(-19.925, -13.513, -36.813)","('TYR', 822)",CB,M,"(-23.066, -13.029, -33.641)",4.49
8SSP_5DYK_627,"('D', 510)",N17,T,"(-19.925, -13.513, -36.813)","('TYR', 822)",CG,M,"(-21.989, -12.057, -33.204)",4.405
8SSP_5DYK_627,"('D', 510)",N17,T,"(-19.925, -13.513, -36.813)","('TYR', 822)",CD1,M,"(-21.005, -12.432, -32.279)",4.785
8SSP_5DYK_627,"('D', 510)",N17,T,"(-19.925, -13.513, -36.813)","('TYR', 822)",CD2,M,"(-21.953, -10.759, -33.716)",4.614
8SSP_5DYK_627,"('D', 510)",C18,T,"(-21.086, -13.589, -37.694)","('GLY', 624)",CA,M,"(-17.786, -16.844, -35.898)",4.971
8SSP_5DYK_627,"('D', 510)",C18,T,"(-21.086, -13.589, -37.694)","('GLU', 820)",C,M,"(-18.662, -10.488, -37.388)",3.948
8SSP_5DYK_627,"('D', 510)",C18,T,"(-21.086, -13.589, -37.694)","('GLU', 820)",O,M,"(-19.425, -9.857, -38.131)",4.108
8SSP_5DYK_627,"('D', 510)",C18,T,"(-21.086, -13.589, -37.694)","('THR', 821)",N,M,"(-18.92, -11.721, -36.935)",2.959
8SSP_5DYK_627,"('D', 510)",C18,T,"(-21.086, -13.589, -37.694)","('THR', 821)",CA,M,"(-20.131, -12.474, -37.296)",1.521
8SSP_5DYK_627,"('D', 510)",C18,T,"(-21.086, -13.589, -37.694)","('THR', 821)",C,M,"(-20.664, -13.288, -36.112)",1.665
8SSP_5DYK_627,"('D', 510)",C18,T,"(-21.086, -13.589, -37.694)","('THR', 821)",O,M,"(-19.902, -14.002, -35.454)",2.567
8SSP_5DYK_627,"('D', 510)",C18,T,"(-21.086, -13.589, -37.694)","('THR', 821)",CB,M,"(-19.869, -13.454, -38.464)",1.446
8SSP_5DYK_627,"('D', 510)",C18,T,"(-21.086, -13.589, -37.694)","('THR', 821)",OG1,M,"(-18.677, -14.208, -38.213)",2.541
8SSP_5DYK_627,"('D', 510)",C18,T,"(-21.086, -13.589, -37.694)","('THR', 821)",CG2,M,"(-19.729, -12.702, -39.786)",2.647
8SSP_5DYK_627,"('D', 510)",C18,T,"(-21.086, -13.589, -37.694)","('TYR', 822)",N,M,"(-21.973, -13.176, -35.862)",2.077
8SSP_5DYK_627,"('D', 510)",C18,T,"(-21.086, -13.589, -37.694)","('TYR', 822)",CA,M,"(-22.672, -13.944, -34.815)",3.306
8SSP_5DYK_627,"('D', 510)",C18,T,"(-21.086, -13.589, -37.694)","('TYR', 822)",C,M,"(-23.938, -14.594, -35.389)",3.802
8SSP_5DYK_627,"('D', 510)",C18,T,"(-21.086, -13.589, -37.694)","('TYR', 822)",O,M,"(-24.543, -14.063, -36.327)",3.748
8SSP_5DYK_627,"('D', 510)",C18,T,"(-21.086, -13.589, -37.694)","('TYR', 822)",CB,M,"(-23.066, -13.029, -33.641)",4.545
8SSP_5DYK_627,"('D', 510)",C18,T,"(-21.086, -13.589, -37.694)","('TYR', 822)",CG,M,"(-21.989, -12.057, -33.204)",4.829
8SSP_5DYK_627,"('D', 510)",C18,T,"(-21.086, -13.589, -37.694)","('TYR', 822)",CD2,M,"(-21.953, -10.759, -33.716)",4.958
8SSP_5DYK_627,"('D', 510)",C18,T,"(-21.086, -13.589, -37.694)","('ALA', 823)",N,M,"(-24.343, -15.722, -34.805)",4.848
8SSP_5DYK_627,"('D', 510)",C19,T,"(-20.932, -12.663, -38.893)","('GLU', 820)",CA,M,"(-17.347, -9.862, -36.923)",4.958
8SSP_5DYK_627,"('D', 510)",C19,T,"(-20.932, -12.663, -38.893)","('GLU', 820)",C,M,"(-18.662, -10.488, -37.388)",3.485
8SSP_5DYK_627,"('D', 510)",C19,T,"(-20.932, -12.663, -38.893)","('GLU', 820)",O,M,"(-19.425, -9.857, -38.131)",3.275
8SSP_5DYK_627,"('D', 510)",C19,T,"(-20.932, -12.663, -38.893)","('THR', 821)",N,M,"(-18.92, -11.721, -36.935)",2.961
8SSP_5DYK_627,"('D', 510)",C19,T,"(-20.932, -12.663, -38.893)","('THR', 821)",CA,M,"(-20.131, -12.474, -37.296)",1.797
8SSP_5DYK_627,"('D', 510)",C19,T,"(-20.932, -12.663, -38.893)","('THR', 821)",C,M,"(-20.664, -13.288, -36.112)",2.863
8SSP_5DYK_627,"('D', 510)",C19,T,"(-20.932, -12.663, -38.893)","('THR', 821)",O,M,"(-19.902, -14.002, -35.454)",3.832
8SSP_5DYK_627,"('D', 510)",C19,T,"(-20.932, -12.663, -38.893)","('THR', 821)",CB,M,"(-19.869, -13.454, -38.464)",1.393
8SSP_5DYK_627,"('D', 510)",C19,T,"(-20.932, -12.663, -38.893)","('THR', 821)",OG1,M,"(-18.677, -14.208, -38.213)",2.817
8SSP_5DYK_627,"('D', 510)",C19,T,"(-20.932, -12.663, -38.893)","('THR', 821)",CG2,M,"(-19.729, -12.702, -39.786)",1.499
8SSP_5DYK_627,"('D', 510)",C19,T,"(-20.932, -12.663, -38.893)","('TYR', 822)",N,M,"(-21.973, -13.176, -35.862)",3.246
8SSP_5DYK_627,"('D', 510)",C19,T,"(-20.932, -12.663, -38.893)","('TYR', 822)",CA,M,"(-22.672, -13.944, -34.815)",4.615
8SSP_5DYK_627,"('D', 510)",C19,T,"(-20.932, -12.663, -38.893)","('TYR', 822)",O,M,"(-24.543, -14.063, -36.327)",4.646
8SSP_5DYK_627,"('D', 510)",N20,T,"(-19.686, -12.817, -39.613)","('SER', 819)",C,M,"(-15.883, -9.688, -38.891)",4.977
8SSP_5DYK_627,"('D', 510)",N20,T,"(-19.686, -12.817, -39.613)","('SER', 819)",O,M,"(-15.536, -10.868, -38.818)",4.653
8SSP_5DYK_627,"('D', 510)",N20,T,"(-19.686, -12.817, -39.613)","('GLU', 820)",CA,M,"(-17.347, -9.862, -36.923)",4.63
8SSP_5DYK_627,"('D', 510)",N20,T,"(-19.686, -12.817, -39.613)","('GLU', 820)",C,M,"(-18.662, -10.488, -37.388)",3.38
8SSP_5DYK_627,"('D', 510)",N20,T,"(-19.686, -12.817, -39.613)","('GLU', 820)",O,M,"(-19.425, -9.857, -38.131)",3.321
8SSP_5DYK_627,"('D', 510)",N20,T,"(-19.686, -12.817, -39.613)","('THR', 821)",N,M,"(-18.92, -11.721, -36.935)",2.993
8SSP_5DYK_627,"('D', 510)",N20,T,"(-19.686, -12.817, -39.613)","('THR', 821)",CA,M,"(-20.131, -12.474, -37.296)",2.384
8SSP_5DYK_627,"('D', 510)",N20,T,"(-19.686, -12.817, -39.613)","('THR', 821)",C,M,"(-20.664, -13.288, -36.112)",3.665
8SSP_5DYK_627,"('D', 510)",N20,T,"(-19.686, -12.817, -39.613)","('THR', 821)",O,M,"(-19.902, -14.002, -35.454)",4.33
8SSP_5DYK_627,"('D', 510)",N20,T,"(-19.686, -12.817, -39.613)","('THR', 821)",CB,M,"(-19.869, -13.454, -38.464)",1.326
8SSP_5DYK_627,"('D', 510)",N20,T,"(-19.686, -12.817, -39.613)","('THR', 821)",OG1,M,"(-18.677, -14.208, -38.213)",2.217
8SSP_5DYK_627,"('D', 510)",N20,T,"(-19.686, -12.817, -39.613)","('THR', 821)",CG2,M,"(-19.729, -12.702, -39.786)",0.212
8SSP_5DYK_627,"('D', 510)",N20,T,"(-19.686, -12.817, -39.613)","('TYR', 822)",N,M,"(-21.973, -13.176, -35.862)",4.408
8SSP_5DYK_627,"('D', 510)",C21,T,"(-18.586, -12.635, -38.687)","('THR', 622)",O,M,"(-16.441, -12.652, -35.007)",4.26
8SSP_5DYK_627,"('D', 510)",C21,T,"(-18.586, -12.635, -38.687)","('SER', 819)",C,M,"(-15.883, -9.688, -38.891)",4.004
8SSP_5DYK_627,"('D', 510)",C21,T,"(-18.586, -12.635, -38.687)","('SER', 819)",O,M,"(-15.536, -10.868, -38.818)",3.527
8SSP_5DYK_627,"('D', 510)",C21,T,"(-18.586, -12.635, -38.687)","('GLU', 820)",N,M,"(-16.711, -9.12, -38.016)",4.04
8SSP_5DYK_627,"('D', 510)",C21,T,"(-18.586, -12.635, -38.687)","('GLU', 820)",CA,M,"(-17.347, -9.862, -36.923)",3.512
8SSP_5DYK_627,"('D', 510)",C21,T,"(-18.586, -12.635, -38.687)","('GLU', 820)",C,M,"(-18.662, -10.488, -37.388)",2.511
8SSP_5DYK_627,"('D', 510)",C21,T,"(-18.586, -12.635, -38.687)","('GLU', 820)",O,M,"(-19.425, -9.857, -38.131)",2.955
8SSP_5DYK_627,"('D', 510)",C21,T,"(-18.586, -12.635, -38.687)","('GLU', 820)",CB,M,"(-17.629, -8.936, -35.734)",4.829
8SSP_5DYK_627,"('D', 510)",C21,T,"(-18.586, -12.635, -38.687)","('THR', 821)",N,M,"(-18.92, -11.721, -36.935)",2.004
8SSP_5DYK_627,"('D', 510)",C21,T,"(-18.586, -12.635, -38.687)","('THR', 821)",CA,M,"(-20.131, -12.474, -37.296)",2.085
8SSP_5DYK_627,"('D', 510)",C21,T,"(-18.586, -12.635, -38.687)","('THR', 821)",C,M,"(-20.664, -13.288, -36.112)",3.373
8SSP_5DYK_627,"('D', 510)",C21,T,"(-18.586, -12.635, -38.687)","('THR', 821)",O,M,"(-19.902, -14.002, -35.454)",3.749
8SSP_5DYK_627,"('D', 510)",C21,T,"(-18.586, -12.635, -38.687)","('THR', 821)",CB,M,"(-19.869, -13.454, -38.464)",1.538
8SSP_5DYK_627,"('D', 510)",C21,T,"(-18.586, -12.635, -38.687)","('THR', 821)",OG1,M,"(-18.677, -14.208, -38.213)",1.645
8SSP_5DYK_627,"('D', 510)",C21,T,"(-18.586, -12.635, -38.687)","('THR', 821)",CG2,M,"(-19.729, -12.702, -39.786)",1.587
8SSP_5DYK_627,"('D', 510)",C21,T,"(-18.586, -12.635, -38.687)","('TYR', 822)",N,M,"(-21.973, -13.176, -35.862)",4.444
8SSP_5DYK_627,"('D', 510)",C22,T,"(-18.618, -13.538, -37.456)","('THR', 622)",C,M,"(-15.884, -13.09, -34.002)",4.428
8SSP_5DYK_627,"('D', 510)",C22,T,"(-18.618, -13.538, -37.456)","('THR', 622)",O,M,"(-16.441, -12.652, -35.007)",3.394
8SSP_5DYK_627,"('D', 510)",C22,T,"(-18.618, -13.538, -37.456)","('GLY', 623)",N,M,"(-15.053, -14.131, -34.042)",4.972
8SSP_5DYK_627,"('D', 510)",C22,T,"(-18.618, -13.538, -37.456)","('GLY', 623)",CA,M,"(-14.636, -14.736, -35.308)",4.68
8SSP_5DYK_627,"('D', 510)",C22,T,"(-18.618, -13.538, -37.456)","('GLY', 623)",C,M,"(-15.615, -15.688, -35.975)",3.979
8SSP_5DYK_627,"('D', 510)",C22,T,"(-18.618, -13.538, -37.456)","('GLY', 623)",O,M,"(-15.325, -16.183, -37.063)",4.242
8SSP_5DYK_627,"('D', 510)",C22,T,"(-18.618, -13.538, -37.456)","('GLY', 624)",N,M,"(-16.759, -15.953, -35.342)",3.709
8SSP_5DYK_627,"('D', 510)",C22,T,"(-18.618, -13.538, -37.456)","('GLY', 624)",CA,M,"(-17.786, -16.844, -35.898)",3.748
8SSP_5DYK_627,"('D', 510)",C22,T,"(-18.618, -13.538, -37.456)","('SER', 819)",C,M,"(-15.883, -9.688, -38.891)",4.936
8SSP_5DYK_627,"('D', 510)",C22,T,"(-18.618, -13.538, -37.456)","('SER', 819)",O,M,"(-15.536, -10.868, -38.818)",4.299
8SSP_5DYK_627,"('D', 510)",C22,T,"(-18.618, -13.538, -37.456)","('GLU', 820)",N,M,"(-16.711, -9.12, -38.016)",4.844
8SSP_5DYK_627,"('D', 510)",C22,T,"(-18.618, -13.538, -37.456)","('GLU', 820)",CA,M,"(-17.347, -9.862, -36.923)",3.926
8SSP_5DYK_627,"('D', 510)",C22,T,"(-18.618, -13.538, -37.456)","('GLU', 820)",C,M,"(-18.662, -10.488, -37.388)",3.051
8SSP_5DYK_627,"('D', 510)",C22,T,"(-18.618, -13.538, -37.456)","('GLU', 820)",O,M,"(-19.425, -9.857, -38.131)",3.828
8SSP_5DYK_627,"('D', 510)",C22,T,"(-18.618, -13.538, -37.456)","('THR', 821)",N,M,"(-18.92, -11.721, -36.935)",1.914
8SSP_5DYK_627,"('D', 510)",C22,T,"(-18.618, -13.538, -37.456)","('THR', 821)",CA,M,"(-20.131, -12.474, -37.296)",1.857
8SSP_5DYK_627,"('D', 510)",C22,T,"(-18.618, -13.538, -37.456)","('THR', 821)",C,M,"(-20.664, -13.288, -36.112)",2.461
8SSP_5DYK_627,"('D', 510)",C22,T,"(-18.618, -13.538, -37.456)","('THR', 821)",O,M,"(-19.902, -14.002, -35.454)",2.423
8SSP_5DYK_627,"('D', 510)",C22,T,"(-18.618, -13.538, -37.456)","('THR', 821)",CB,M,"(-19.869, -13.454, -38.464)",1.609
8SSP_5DYK_627,"('D', 510)",C22,T,"(-18.618, -13.538, -37.456)","('THR', 821)",OG1,M,"(-18.677, -14.208, -38.213)",1.013
8SSP_5DYK_627,"('D', 510)",C22,T,"(-18.618, -13.538, -37.456)","('THR', 821)",CG2,M,"(-19.729, -12.702, -39.786)",2.713
8SSP_5DYK_627,"('D', 510)",C22,T,"(-18.618, -13.538, -37.456)","('TYR', 822)",N,M,"(-21.973, -13.176, -35.862)",3.732
8SSP_5DYK_627,"('D', 510)",C22,T,"(-18.618, -13.538, -37.456)","('TYR', 822)",CA,M,"(-22.672, -13.944, -34.815)",4.855
8SSP_5DYK_627,"('D', 510)",C23,T,"(-19.597, -11.992, -40.801)","('SER', 819)",C,M,"(-15.883, -9.688, -38.891)",4.77
8SSP_5DYK_627,"('D', 510)",C23,T,"(-19.597, -11.992, -40.801)","('SER', 819)",O,M,"(-15.536, -10.868, -38.818)",4.657
8SSP_5DYK_627,"('D', 510)",C23,T,"(-19.597, -11.992, -40.801)","('SER', 819)",CB,M,"(-16.514, -8.152, -40.789)",4.924
8SSP_5DYK_627,"('D', 510)",C23,T,"(-19.597, -11.992, -40.801)","('GLU', 820)",N,M,"(-16.711, -9.12, -38.016)",4.933
8SSP_5DYK_627,"('D', 510)",C23,T,"(-19.597, -11.992, -40.801)","('GLU', 820)",CA,M,"(-17.347, -9.862, -36.923)",4.964
8SSP_5DYK_627,"('D', 510)",C23,T,"(-19.597, -11.992, -40.801)","('GLU', 820)",C,M,"(-18.662, -10.488, -37.388)",3.845
8SSP_5DYK_627,"('D', 510)",C23,T,"(-19.597, -11.992, -40.801)","('GLU', 820)",O,M,"(-19.425, -9.857, -38.131)",3.423
8SSP_5DYK_627,"('D', 510)",C23,T,"(-19.597, -11.992, -40.801)","('THR', 821)",N,M,"(-18.92, -11.721, -36.935)",3.934
8SSP_5DYK_627,"('D', 510)",C23,T,"(-19.597, -11.992, -40.801)","('THR', 821)",CA,M,"(-20.131, -12.474, -37.296)",3.578
8SSP_5DYK_627,"('D', 510)",C23,T,"(-19.597, -11.992, -40.801)","('THR', 821)",C,M,"(-20.664, -13.288, -36.112)",4.98
8SSP_5DYK_627,"('D', 510)",C23,T,"(-19.597, -11.992, -40.801)","('THR', 821)",CB,M,"(-19.869, -13.454, -38.464)",2.77
8SSP_5DYK_627,"('D', 510)",C23,T,"(-19.597, -11.992, -40.801)","('THR', 821)",OG1,M,"(-18.677, -14.208, -38.213)",3.529
8SSP_5DYK_627,"('D', 510)",C23,T,"(-19.597, -11.992, -40.801)","('THR', 821)",CG2,M,"(-19.729, -12.702, -39.786)",1.246
8SSP_5DYK_627,"('D', 510)",C24,T,"(-20.065, -13.856, -35.489)","('THR', 622)",C,M,"(-15.884, -13.09, -34.002)",4.503
8SSP_5DYK_627,"('D', 510)",C24,T,"(-20.065, -13.856, -35.489)","('THR', 622)",O,M,"(-16.441, -12.652, -35.007)",3.849
8SSP_5DYK_627,"('D', 510)",C24,T,"(-20.065, -13.856, -35.489)","('GLY', 623)",C,M,"(-15.615, -15.688, -35.975)",4.837
8SSP_5DYK_627,"('D', 510)",C24,T,"(-20.065, -13.856, -35.489)","('GLY', 624)",N,M,"(-16.759, -15.953, -35.342)",3.918
8SSP_5DYK_627,"('D', 510)",C24,T,"(-20.065, -13.856, -35.489)","('GLY', 624)",CA,M,"(-17.786, -16.844, -35.898)",3.78
8SSP_5DYK_627,"('D', 510)",C24,T,"(-20.065, -13.856, -35.489)","('GLU', 820)",C,M,"(-18.662, -10.488, -37.388)",4.113
8SSP_5DYK_627,"('D', 510)",C24,T,"(-20.065, -13.856, -35.489)","('GLU', 820)",O,M,"(-19.425, -9.857, -38.131)",4.835
8SSP_5DYK_627,"('D', 510)",C24,T,"(-20.065, -13.856, -35.489)","('THR', 821)",N,M,"(-18.92, -11.721, -36.935)",2.821
8SSP_5DYK_627,"('D', 510)",C24,T,"(-20.065, -13.856, -35.489)","('THR', 821)",CA,M,"(-20.131, -12.474, -37.296)",2.276
8SSP_5DYK_627,"('D', 510)",C24,T,"(-20.065, -13.856, -35.489)","('THR', 821)",C,M,"(-20.664, -13.288, -36.112)",1.034
8SSP_5DYK_627,"('D', 510)",C24,T,"(-20.065, -13.856, -35.489)","('THR', 821)",O,M,"(-19.902, -14.002, -35.454)",0.222
8SSP_5DYK_627,"('D', 510)",C24,T,"(-20.065, -13.856, -35.489)","('THR', 821)",CB,M,"(-19.869, -13.454, -38.464)",3.008
8SSP_5DYK_627,"('D', 510)",C24,T,"(-20.065, -13.856, -35.489)","('THR', 821)",OG1,M,"(-18.677, -14.208, -38.213)",3.077
8SSP_5DYK_627,"('D', 510)",C24,T,"(-20.065, -13.856, -35.489)","('THR', 821)",CG2,M,"(-19.729, -12.702, -39.786)",4.462
8SSP_5DYK_627,"('D', 510)",C24,T,"(-20.065, -13.856, -35.489)","('TYR', 822)",N,M,"(-21.973, -13.176, -35.862)",2.06
8SSP_5DYK_627,"('D', 510)",C24,T,"(-20.065, -13.856, -35.489)","('TYR', 822)",CA,M,"(-22.672, -13.944, -34.815)",2.694
8SSP_5DYK_627,"('D', 510)",C24,T,"(-20.065, -13.856, -35.489)","('TYR', 822)",C,M,"(-23.938, -14.594, -35.389)",3.944
8SSP_5DYK_627,"('D', 510)",C24,T,"(-20.065, -13.856, -35.489)","('TYR', 822)",O,M,"(-24.543, -14.063, -36.327)",4.56
8SSP_5DYK_627,"('D', 510)",C24,T,"(-20.065, -13.856, -35.489)","('TYR', 822)",CB,M,"(-23.066, -13.029, -33.641)",3.62
8SSP_5DYK_627,"('D', 510)",C24,T,"(-20.065, -13.856, -35.489)","('TYR', 822)",CG,M,"(-21.989, -12.057, -33.204)",3.487
8SSP_5DYK_627,"('D', 510)",C24,T,"(-20.065, -13.856, -35.489)","('TYR', 822)",CD1,M,"(-21.005, -12.432, -32.279)",3.635
8SSP_5DYK_627,"('D', 510)",C24,T,"(-20.065, -13.856, -35.489)","('TYR', 822)",CD2,M,"(-21.953, -10.759, -33.716)",4.037
8SSP_5DYK_627,"('D', 510)",C24,T,"(-20.065, -13.856, -35.489)","('TYR', 822)",CE1,M,"(-20.018, -11.537, -31.88)",4.29
8SSP_5DYK_627,"('D', 510)",C24,T,"(-20.065, -13.856, -35.489)","('TYR', 822)",CE2,M,"(-20.972, -9.858, -33.326)",4.635
8SSP_5DYK_627,"('D', 510)",C24,T,"(-20.065, -13.856, -35.489)","('TYR', 822)",CZ,M,"(-20.007, -10.249, -32.41)",4.743
8SSP_5DYK_627,"('D', 510)",C24,T,"(-20.065, -13.856, -35.489)","('ALA', 823)",N,M,"(-24.343, -15.722, -34.805)",4.717
8SSP_5DYK_627,"('D', 510)",C25,T,"(-22.439, -18.379, -26.759)","('VAL', 555)",CG1,M,"(-24.813, -14.506, -25.704)",4.664
8SSP_5DYK_627,"('D', 510)",C25,T,"(-22.439, -18.379, -26.759)","('VAL', 555)",CG2,M,"(-26.383, -16.415, -25.308)",4.639
8SSP_5DYK_627,"('D', 510)",C25,T,"(-22.439, -18.379, -26.759)","('LEU', 671)",CD1,M,"(-18.466, -18.503, -29.648)",4.914
8SSP_5DYK_627,"('D', 510)",C25,T,"(-22.439, -18.379, -26.759)","('ILE', 681)",CD1,M,"(-20.593, -21.692, -28.145)",4.038
8SSP_5DYK_627,"('D', 510)",C25,T,"(-22.439, -18.379, -26.759)","('ASP', 682)",OD1,M,"(-23.158, -22.656, -25.147)",4.627
8SSP_5DYK_627,"('D', 510)",O26,T,"(-22.508, -18.814, -25.621)","('VAL', 555)",CG1,M,"(-24.813, -14.506, -25.704)",4.887
8SSP_5DYK_627,"('D', 510)",O26,T,"(-22.508, -18.814, -25.621)","('VAL', 555)",CG2,M,"(-26.383, -16.415, -25.308)",4.568
8SSP_5DYK_627,"('D', 510)",O26,T,"(-22.508, -18.814, -25.621)","('ILE', 681)",CB,M,"(-18.8, -21.91, -26.34)",4.884
8SSP_5DYK_627,"('D', 510)",O26,T,"(-22.508, -18.814, -25.621)","('ILE', 681)",CD1,M,"(-20.593, -21.692, -28.145)",4.28
8SSP_5DYK_627,"('D', 510)",O26,T,"(-22.508, -18.814, -25.621)","('ASP', 682)",CG,M,"(-23.098, -23.776, -25.73)",4.998
8SSP_5DYK_627,"('D', 510)",O26,T,"(-22.508, -18.814, -25.621)","('ASP', 682)",OD1,M,"(-23.158, -22.656, -25.147)",3.925
8SSP_5DYK_627,"('D', 510)",C27,T,"(-22.7, -19.99, -28.603)","('GLU', 625)",OE2,M,"(-21.994, -21.65, -32.897)",4.658
8SSP_5DYK_627,"('D', 510)",C27,T,"(-22.7, -19.99, -28.603)","('LEU', 671)",CD1,M,"(-18.466, -18.503, -29.648)",4.608
8SSP_5DYK_627,"('D', 510)",C27,T,"(-22.7, -19.99, -28.603)","('LEU', 671)",CD2,M,"(-19.136, -19.948, -31.58)",4.644
8SSP_5DYK_627,"('D', 510)",C27,T,"(-22.7, -19.99, -28.603)","('ILE', 681)",CB,M,"(-18.8, -21.91, -26.34)",4.901
8SSP_5DYK_627,"('D', 510)",C27,T,"(-22.7, -19.99, -28.603)","('ILE', 681)",CG1,M,"(-19.438, -22.508, -27.604)",4.24
8SSP_5DYK_627,"('D', 510)",C27,T,"(-22.7, -19.99, -28.603)","('ILE', 681)",CD1,M,"(-20.593, -21.692, -28.145)",2.747
8SSP_5DYK_627,"('D', 510)",C27,T,"(-22.7, -19.99, -28.603)","('ASP', 682)",CG,M,"(-23.098, -23.776, -25.73)",4.769
8SSP_5DYK_627,"('D', 510)",C27,T,"(-22.7, -19.99, -28.603)","('ASP', 682)",OD1,M,"(-23.158, -22.656, -25.147)",4.389
8SSP_5DYK_627,"('D', 510)",C27,T,"(-22.7, -19.99, -28.603)","('ASP', 682)",OD2,M,"(-23.812, -24.033, -26.729)",4.593
8SSP_5DYK_627,"('D', 510)",C28,T,"(-22.837, -20.113, -29.981)","('GLU', 625)",CD,M,"(-21.829, -21.683, -34.14)",4.558
8SSP_5DYK_627,"('D', 510)",C28,T,"(-22.837, -20.113, -29.981)","('GLU', 625)",OE2,M,"(-21.994, -21.65, -32.897)",3.402
8SSP_5DYK_627,"('D', 510)",C28,T,"(-22.837, -20.113, -29.981)","('LEU', 671)",CG,M,"(-18.073, -19.684, -30.526)",4.814
8SSP_5DYK_627,"('D', 510)",C28,T,"(-22.837, -20.113, -29.981)","('LEU', 671)",CD1,M,"(-18.466, -18.503, -29.648)",4.67
8SSP_5DYK_627,"('D', 510)",C28,T,"(-22.837, -20.113, -29.981)","('LEU', 671)",CD2,M,"(-19.136, -19.948, -31.58)",4.035
8SSP_5DYK_627,"('D', 510)",C28,T,"(-22.837, -20.113, -29.981)","('ILE', 681)",CG1,M,"(-19.438, -22.508, -27.604)",4.79
8SSP_5DYK_627,"('D', 510)",C28,T,"(-22.837, -20.113, -29.981)","('ILE', 681)",CD1,M,"(-20.593, -21.692, -28.145)",3.301
8SSP_5DYK_627,"('D', 510)",C29,T,"(-21.889, -20.893, -27.917)","('LEU', 671)",CG,M,"(-18.073, -19.684, -30.526)",4.778
8SSP_5DYK_627,"('D', 510)",C29,T,"(-21.889, -20.893, -27.917)","('LEU', 671)",CD1,M,"(-18.466, -18.503, -29.648)",4.519
8SSP_5DYK_627,"('D', 510)",C29,T,"(-21.889, -20.893, -27.917)","('LEU', 671)",CD2,M,"(-19.136, -19.948, -31.58)",4.679
8SSP_5DYK_627,"('D', 510)",C29,T,"(-21.889, -20.893, -27.917)","('ILE', 681)",CA,M,"(-18.096, -22.997, -25.467)",4.982
8SSP_5DYK_627,"('D', 510)",C29,T,"(-21.889, -20.893, -27.917)","('ILE', 681)",CB,M,"(-18.8, -21.91, -26.34)",3.614
8SSP_5DYK_627,"('D', 510)",C29,T,"(-21.889, -20.893, -27.917)","('ILE', 681)",CG1,M,"(-19.438, -22.508, -27.604)",2.952
8SSP_5DYK_627,"('D', 510)",C29,T,"(-21.889, -20.893, -27.917)","('ILE', 681)",CG2,M,"(-17.822, -20.818, -26.754)",4.231
8SSP_5DYK_627,"('D', 510)",C29,T,"(-21.889, -20.893, -27.917)","('ILE', 681)",CD1,M,"(-20.593, -21.692, -28.145)",1.539
8SSP_5DYK_627,"('D', 510)",C29,T,"(-21.889, -20.893, -27.917)","('ASP', 682)",N,M,"(-20.166, -23.623, -24.303)",4.846
8SSP_5DYK_627,"('D', 510)",C29,T,"(-21.889, -20.893, -27.917)","('ASP', 682)",CB,M,"(-22.137, -24.888, -25.229)",4.822
8SSP_5DYK_627,"('D', 510)",C29,T,"(-21.889, -20.893, -27.917)","('ASP', 682)",CG,M,"(-23.098, -23.776, -25.73)",3.815
8SSP_5DYK_627,"('D', 510)",C29,T,"(-21.889, -20.893, -27.917)","('ASP', 682)",OD1,M,"(-23.158, -22.656, -25.147)",3.52
8SSP_5DYK_627,"('D', 510)",C29,T,"(-21.889, -20.893, -27.917)","('ASP', 682)",OD2,M,"(-23.812, -24.033, -26.729)",3.869
8SSP_5DYK_627,"('D', 510)",C31,T,"(-22.181, -21.128, -30.668)","('GLU', 625)",CG,M,"(-20.961, -20.602, -34.787)",4.328
8SSP_5DYK_627,"('D', 510)",C31,T,"(-22.181, -21.128, -30.668)","('GLU', 625)",CD,M,"(-21.829, -21.683, -34.14)",3.534
8SSP_5DYK_627,"('D', 510)",C31,T,"(-22.181, -21.128, -30.668)","('GLU', 625)",OE1,M,"(-22.344, -22.568, -34.868)",4.443
8SSP_5DYK_627,"('D', 510)",C31,T,"(-22.181, -21.128, -30.668)","('GLU', 625)",OE2,M,"(-21.994, -21.65, -32.897)",2.297
8SSP_5DYK_627,"('D', 510)",C31,T,"(-22.181, -21.128, -30.668)","('GLU', 668)",C,M,"(-20.903, -25.656, -32.044)",4.902
8SSP_5DYK_627,"('D', 510)",C31,T,"(-22.181, -21.128, -30.668)","('GLU', 668)",O,M,"(-21.252, -24.49, -31.868)",3.689
8SSP_5DYK_627,"('D', 510)",C31,T,"(-22.181, -21.128, -30.668)","('LEU', 671)",CG,M,"(-18.073, -19.684, -30.526)",4.357
8SSP_5DYK_627,"('D', 510)",C31,T,"(-22.181, -21.128, -30.668)","('LEU', 671)",CD1,M,"(-18.466, -18.503, -29.648)",4.662
8SSP_5DYK_627,"('D', 510)",C31,T,"(-22.181, -21.128, -30.668)","('LEU', 671)",CD2,M,"(-19.136, -19.948, -31.58)",3.391
8SSP_5DYK_627,"('D', 510)",C31,T,"(-22.181, -21.128, -30.668)","('ILE', 681)",CG1,M,"(-19.438, -22.508, -27.604)",4.338
8SSP_5DYK_627,"('D', 510)",C31,T,"(-22.181, -21.128, -30.668)","('ILE', 681)",CD1,M,"(-20.593, -21.692, -28.145)",3.034
8SSP_5DYK_627,"('D', 510)",C33,T,"(-21.234, -21.905, -28.6)","('GLU', 625)",OE2,M,"(-21.994, -21.65, -32.897)",4.371
8SSP_5DYK_627,"('D', 510)",C33,T,"(-21.234, -21.905, -28.6)","('GLU', 668)",O,M,"(-21.252, -24.49, -31.868)",4.167
8SSP_5DYK_627,"('D', 510)",C33,T,"(-21.234, -21.905, -28.6)","('ASN', 669)",CA,M,"(-19.75, -25.776, -29.87)",4.336
8SSP_5DYK_627,"('D', 510)",C33,T,"(-21.234, -21.905, -28.6)","('ASN', 669)",C,M,"(-18.333, -25.186, -29.868)",4.559
8SSP_5DYK_627,"('D', 510)",C33,T,"(-21.234, -21.905, -28.6)","('ASN', 669)",O,M,"(-17.702, -25.091, -28.815)",4.761
8SSP_5DYK_627,"('D', 510)",C33,T,"(-21.234, -21.905, -28.6)","('ASN', 669)",OD1,M,"(-22.231, -26.476, -28.716)",4.68
8SSP_5DYK_627,"('D', 510)",C33,T,"(-21.234, -21.905, -28.6)","('LEU', 671)",CG,M,"(-18.073, -19.684, -30.526)",4.317
8SSP_5DYK_627,"('D', 510)",C33,T,"(-21.234, -21.905, -28.6)","('LEU', 671)",CD1,M,"(-18.466, -18.503, -29.648)",4.509
8SSP_5DYK_627,"('D', 510)",C33,T,"(-21.234, -21.905, -28.6)","('LEU', 671)",CD2,M,"(-19.136, -19.948, -31.58)",4.137
8SSP_5DYK_627,"('D', 510)",C33,T,"(-21.234, -21.905, -28.6)","('ILE', 681)",CA,M,"(-18.096, -22.997, -25.467)",4.567
8SSP_5DYK_627,"('D', 510)",C33,T,"(-21.234, -21.905, -28.6)","('ILE', 681)",C,M,"(-19.129, -24.044, -25.029)",4.665
8SSP_5DYK_627,"('D', 510)",C33,T,"(-21.234, -21.905, -28.6)","('ILE', 681)",CB,M,"(-18.8, -21.91, -26.34)",3.321
8SSP_5DYK_627,"('D', 510)",C33,T,"(-21.234, -21.905, -28.6)","('ILE', 681)",CG1,M,"(-19.438, -22.508, -27.604)",2.14
8SSP_5DYK_627,"('D', 510)",C33,T,"(-21.234, -21.905, -28.6)","('ILE', 681)",CG2,M,"(-17.822, -20.818, -26.754)",4.029
8SSP_5DYK_627,"('D', 510)",C33,T,"(-21.234, -21.905, -28.6)","('ILE', 681)",CD1,M,"(-20.593, -21.692, -28.145)",0.814
8SSP_5DYK_627,"('D', 510)",C33,T,"(-21.234, -21.905, -28.6)","('ASP', 682)",N,M,"(-20.166, -23.623, -24.303)",4.749
8SSP_5DYK_627,"('D', 510)",C33,T,"(-21.234, -21.905, -28.6)","('ASP', 682)",CB,M,"(-22.137, -24.888, -25.229)",4.591
8SSP_5DYK_627,"('D', 510)",C33,T,"(-21.234, -21.905, -28.6)","('ASP', 682)",CG,M,"(-23.098, -23.776, -25.73)",3.9
8SSP_5DYK_627,"('D', 510)",C33,T,"(-21.234, -21.905, -28.6)","('ASP', 682)",OD1,M,"(-23.158, -22.656, -25.147)",4.024
8SSP_5DYK_627,"('D', 510)",C33,T,"(-21.234, -21.905, -28.6)","('ASP', 682)",OD2,M,"(-23.812, -24.033, -26.729)",3.831
8SSP_5DYK_627,"('D', 510)",C20,T,"(-23.401, -18.882, -27.839)","('VAL', 555)",CG2,M,"(-26.383, -16.415, -25.308)",4.624
8SSP_5DYK_627,"('D', 510)",C20,T,"(-23.401, -18.882, -27.839)","('ILE', 681)",CD1,M,"(-20.593, -21.692, -28.145)",3.984
8SSP_5DYK_627,"('D', 510)",C20,T,"(-23.401, -18.882, -27.839)","('ASP', 682)",OD1,M,"(-23.158, -22.656, -25.147)",4.642
8SSP_5DYK_627,"('D', 510)",C35,T,"(-21.378, -22.024, -29.978)","('GLU', 625)",CD,M,"(-21.829, -21.683, -34.14)",4.2
8SSP_5DYK_627,"('D', 510)",C35,T,"(-21.378, -22.024, -29.978)","('GLU', 625)",OE2,M,"(-21.994, -21.65, -32.897)",3.007
8SSP_5DYK_627,"('D', 510)",C35,T,"(-21.378, -22.024, -29.978)","('GLU', 668)",C,M,"(-20.903, -25.656, -32.044)",4.205
8SSP_5DYK_627,"('D', 510)",C35,T,"(-21.378, -22.024, -29.978)","('GLU', 668)",O,M,"(-21.252, -24.49, -31.868)",3.11
8SSP_5DYK_627,"('D', 510)",C35,T,"(-21.378, -22.024, -29.978)","('ASN', 669)",N,M,"(-20.17, -26.336, -31.161)",4.632
8SSP_5DYK_627,"('D', 510)",C35,T,"(-21.378, -22.024, -29.978)","('ASN', 669)",CA,M,"(-19.75, -25.776, -29.87)",4.091
8SSP_5DYK_627,"('D', 510)",C35,T,"(-21.378, -22.024, -29.978)","('ASN', 669)",C,M,"(-18.333, -25.186, -29.868)",4.391
8SSP_5DYK_627,"('D', 510)",C35,T,"(-21.378, -22.024, -29.978)","('ASN', 669)",O,M,"(-17.702, -25.091, -28.815)",4.927
8SSP_5DYK_627,"('D', 510)",C35,T,"(-21.378, -22.024, -29.978)","('ASN', 669)",OD1,M,"(-22.231, -26.476, -28.716)",4.705
8SSP_5DYK_627,"('D', 510)",C35,T,"(-21.378, -22.024, -29.978)","('ILE', 670)",N,M,"(-17.839, -24.783, -31.037)",4.611
8SSP_5DYK_627,"('D', 510)",C35,T,"(-21.378, -22.024, -29.978)","('LEU', 671)",CG,M,"(-18.073, -19.684, -30.526)",4.086
8SSP_5DYK_627,"('D', 510)",C35,T,"(-21.378, -22.024, -29.978)","('LEU', 671)",CD1,M,"(-18.466, -18.503, -29.648)",4.581
8SSP_5DYK_627,"('D', 510)",C35,T,"(-21.378, -22.024, -29.978)","('LEU', 671)",CD2,M,"(-19.136, -19.948, -31.58)",3.45
8SSP_5DYK_627,"('D', 510)",C35,T,"(-21.378, -22.024, -29.978)","('ILE', 681)",CB,M,"(-18.8, -21.91, -26.34)",4.46
8SSP_5DYK_627,"('D', 510)",C35,T,"(-21.378, -22.024, -29.978)","('ILE', 681)",CG1,M,"(-19.438, -22.508, -27.604)",3.104
8SSP_5DYK_627,"('D', 510)",C35,T,"(-21.378, -22.024, -29.978)","('ILE', 681)",CG2,M,"(-17.822, -20.818, -26.754)",4.949
8SSP_5DYK_627,"('D', 510)",C35,T,"(-21.378, -22.024, -29.978)","('ILE', 681)",CD1,M,"(-20.593, -21.692, -28.145)",2.021
8SSP_5DYK_627,"('D', 510)",C35,T,"(-21.378, -22.024, -29.978)","('ASP', 682)",CG,M,"(-23.098, -23.776, -25.73)",4.906
8SSP_5DYK_627,"('D', 510)",C35,T,"(-21.378, -22.024, -29.978)","('ASP', 682)",OD2,M,"(-23.812, -24.033, -26.729)",4.53
8SSP_5DYK_627,"('D', 510)",C36,T,"(-25.694, -19.366, -27.999)","('ILE', 547)",O,M,"(-26.027, -15.172, -30.521)",4.905
8SSP_5DYK_627,"('D', 510)",C36,T,"(-25.694, -19.366, -27.999)","('GLY', 548)",CA,M,"(-28.336, -16.078, -29.261)",4.403
8SSP_5DYK_627,"('D', 510)",C36,T,"(-25.694, -19.366, -27.999)","('VAL', 555)",CB,M,"(-26.254, -14.997, -25.848)",4.902
8SSP_5DYK_627,"('D', 510)",C36,T,"(-25.694, -19.366, -27.999)","('VAL', 555)",CG2,M,"(-26.383, -16.415, -25.308)",4.053
8SSP_5DYK_627,"('D', 510)",O34,T,"(-24.549, -19.324, -27.177)","('VAL', 555)",CB,M,"(-26.254, -14.997, -25.848)",4.837
8SSP_5DYK_627,"('D', 510)",O34,T,"(-24.549, -19.324, -27.177)","('VAL', 555)",CG2,M,"(-26.383, -16.415, -25.308)",3.914
8SSP_5DYK_627,"('D', 510)",O34,T,"(-24.549, -19.324, -27.177)","('ILE', 681)",CD1,M,"(-20.593, -21.692, -28.145)",4.711
8SSP_5DYK_627,"('D', 510)",O34,T,"(-24.549, -19.324, -27.177)","('ASP', 682)",CG,M,"(-23.098, -23.776, -25.73)",4.901
8SSP_5DYK_627,"('D', 510)",O34,T,"(-24.549, -19.324, -27.177)","('ASP', 682)",OD1,M,"(-23.158, -22.656, -25.147)",4.142
8SSP_5DYK_627,"('D', 510)",O34,T,"(-24.549, -19.324, -27.177)","('ASP', 682)",OD2,M,"(-23.812, -24.033, -26.729)",4.787
